draw_id,date,numbers,superbalota,jackpot,game
1,2017-04-22,"[25, 26, 35, 37, 38]",4,4300000000,Baloto
2,2017-04-24,"[1, 3, 13, 23, 27]",12,4386000000,Baloto
3,2017-04-26,"[4, 16, 30, 32, 43]",14,4472000000,Baloto
4,2017-04-29,"[8, 12, 22, 29, 43]",14,4558000000,Baloto
5,2017-05-01,"[4, 16, 21, 29, 43]",12,4644000000,Baloto
6,2017-05-03,"[12, 23, 31, 35, 40]",16,4730000000,Baloto
7,2017-05-06,"[7, 10, 13, 21, 34]",5,4816000000,Baloto
8,2017-05-08,"[10, 13, 34, 35, 41]",5,4902000000,Baloto
9,2017-05-10,"[5, 15, 28, 39, 41]",12,4988000000,Baloto
10,2017-05-13,"[9, 14, 24, 31, 38]",9,5074000000,Baloto
11,2017-05-15,"[9, 11, 18, 31, 38]",15,5160000000,Baloto
12,2017-05-17,"[6, 9, 21, 35, 38]",10,5246000000,Baloto
13,2017-05-20,"[2, 8, 33, 38, 42]",9,5332000000,Baloto
14,2017-05-22,"[8, 17, 18, 20, 32]",2,5418000000,Baloto
15,2017-05-24,"[2, 11, 16, 30, 43]",13,5504000000,Baloto
16,2017-05-27,"[7, 13, 23, 27, 33]",4,5590000000,Baloto
17,2017-05-29,"[4, 7, 8, 16, 26]",12,5676000000,Baloto
18,2017-05-31,"[12, 18, 24, 25, 30]",7,5762000000,Baloto
19,2017-06-03,"[3, 7, 13, 38, 40]",11,5847999999,Baloto
20,2017-06-05,"[13, 22, 35, 37, 40]",10,5934000000,Baloto
21,2017-06-07,"[4, 12, 25, 31, 41]",13,6020000000,Baloto
22,2017-06-10,"[17, 21, 27, 33, 42]",2,6106000000,Baloto
23,2017-06-12,"[7, 9, 18, 23, 33]",12,6192000000,Baloto
24,2017-06-14,"[7, 10, 16, 19, 32]",3,6278000000,Baloto
25,2017-06-17,"[5, 9, 12, 24, 29]",1,6364000000,Baloto
26,2017-06-19,"[1, 3, 7, 19, 42]",8,6450000000,Baloto
27,2017-06-21,"[10, 13, 16, 29, 39]",3,6536000000,Baloto
28,2017-06-24,"[3, 8, 13, 29, 39]",13,6622000000,Baloto
29,2017-06-26,"[9, 11, 13, 26, 42]",8,6708000000,Baloto
30,2017-06-28,"[6, 9, 12, 29, 41]",2,6794000000,Baloto
31,2017-07-01,"[1, 21, 26, 31, 41]",4,6880000000,Baloto
32,2017-07-03,"[9, 18, 20, 30, 36]",2,6966000000,Baloto
33,2017-07-05,"[4, 13, 23, 30, 43]",12,7052000000,Baloto
34,2017-07-08,"[1, 4, 11, 29, 42]",11,7138000000,Baloto
35,2017-07-10,"[5, 8, 27, 36, 40]",13,7224000000,Baloto
36,2017-07-12,"[2, 26, 28, 32, 34]",9,7310000000,Baloto
37,2017-07-15,"[11, 14, 16, 39, 43]",3,7396000000,Baloto
38,2017-07-17,"[1, 4, 7, 38, 40]",3,7482000000,Baloto
39,2017-07-19,"[20, 26, 34, 38, 43]",12,7568000000,Baloto
40,2017-07-22,"[5, 9, 19, 21, 26]",13,7654000000,Baloto
41,2017-07-24,"[7, 25, 33, 35, 37]",1,7740000000,Baloto
42,2017-07-26,"[31, 33, 35, 37, 40]",9,7826000000,Baloto
43,2017-07-29,"[4, 5, 23, 42, 43]",9,7911999999,Baloto
44,2017-07-31,"[1, 15, 17, 21, 25]",3,7997999999,Baloto
45,2017-08-02,"[1, 8, 11, 13, 43]",2,8084000000,Baloto
46,2017-08-05,"[4, 10, 17, 37, 39]",15,8170000000,Baloto
47,2017-08-07,"[7, 13, 17, 35, 40]",1,8256000000,Baloto
48,2017-08-09,"[3, 4, 17, 21, 26]",10,8342000000,Baloto
49,2017-08-12,"[3, 11, 34, 39, 42]",2,8428000000,Baloto
50,2017-08-14,"[4, 28, 36, 42, 43]",9,8514000000,Baloto
51,2017-08-16,"[1, 9, 10, 17, 43]",14,8600000000,Baloto
52,2017-08-19,"[6, 14, 30, 33, 34]",12,8686000000,Baloto
53,2017-08-21,"[8, 12, 20, 26, 32]",10,8772000000,Baloto
54,2017-08-23,"[1, 14, 15, 19, 24]",14,8858000000,Baloto
55,2017-08-26,"[10, 11, 25, 26, 27]",14,8944000000,Baloto
56,2017-08-28,"[13, 16, 29, 32, 43]",2,9030000000,Baloto
57,2017-08-30,"[12, 23, 24, 37, 43]",4,9116000000,Baloto
58,2017-09-02,"[20, 22, 35, 39, 41]",2,9202000000,Baloto
59,2017-09-04,"[9, 12, 16, 33, 39]",16,9288000000,Baloto
60,2017-09-06,"[4, 6, 22, 30, 34]",8,9373999999,Baloto
61,2017-09-09,"[13, 25, 30, 32, 42]",7,9460000000,Baloto
62,2017-09-11,"[6, 19, 26, 37, 39]",14,9545999999,Baloto
63,2017-09-13,"[4, 10, 14, 16, 34]",4,9632000000,Baloto
64,2017-09-16,"[1, 7, 33, 37, 41]",8,9718000000,Baloto
65,2017-09-18,"[8, 9, 15, 27, 34]",1,9804000000,Baloto
66,2017-09-20,"[8, 30, 35, 38, 41]",1,9890000000,Baloto
67,2017-09-23,"[11, 31, 38, 40, 41]",4,9976000000,Baloto
68,2017-09-25,"[8, 22, 29, 35, 36]",2,10062000000,Baloto
69,2017-09-27,"[9, 13, 14, 29, 42]",8,10148000000,Baloto
70,2017-09-30,"[23, 32, 34, 38, 41]",2,10234000000,Baloto
71,2017-10-02,"[10, 18, 21, 23, 25]",9,10320000000,Baloto
72,2017-10-04,"[8, 13, 14, 27, 41]",3,10406000000,Baloto
73,2017-10-07,"[5, 11, 18, 19, 32]",14,10492000000,Baloto
74,2017-10-09,"[1, 2, 5, 21, 40]",9,10578000000,Baloto
75,2017-10-11,"[6, 7, 13, 32, 43]",16,10664000000,Baloto
76,2017-10-14,"[5, 14, 33, 35, 37]",12,10750000000,Baloto
77,2017-10-16,"[2, 4, 12, 23, 31]",3,10836000000,Baloto
78,2017-10-18,"[6, 9, 10, 35, 43]",9,10922000000,Baloto
79,2017-10-21,"[4, 19, 22, 24, 30]",11,11008000000,Baloto
80,2017-10-23,"[6, 13, 26, 31, 39]",1,11094000000,Baloto
81,2017-10-25,"[9, 23, 37, 39, 41]",13,11180000000,Baloto
82,2017-10-28,"[8, 9, 20, 39, 42]",5,11266000000,Baloto
83,2017-10-30,"[16, 23, 34, 35, 41]",7,11352000000,Baloto
84,2017-11-01,"[10, 12, 26, 33, 34]",14,11438000000,Baloto
85,2017-11-04,"[10, 17, 18, 23, 36]",13,11523999999,Baloto
86,2017-11-06,"[4, 10, 11, 20, 29]",4,11610000000,Baloto
87,2017-11-08,"[3, 10, 20, 35, 38]",11,11695999999,Baloto
88,2017-11-11,"[2, 22, 29, 32, 33]",5,11782000000,Baloto
89,2017-11-13,"[10, 23, 25, 29, 34]",1,11868000000,Baloto
90,2017-11-15,"[9, 16, 26, 31, 37]",7,11954000000,Baloto
91,2017-11-18,"[6, 17, 19, 20, 31]",16,12040000000,Baloto
92,2017-11-20,"[12, 29, 32, 34, 38]",15,12126000000,Baloto
93,2017-11-22,"[7, 19, 23, 39, 41]",9,12212000000,Baloto
94,2017-11-25,"[3, 24, 33, 35, 40]",11,12298000000,Baloto
95,2017-11-27,"[6, 16, 32, 35, 39]",10,12384000000,Baloto
96,2017-11-29,"[18, 26, 28, 31, 38]",4,12470000000,Baloto
97,2017-12-02,"[12, 16, 28, 40, 41]",15,12556000000,Baloto
98,2017-12-04,"[3, 12, 18, 28, 35]",15,12642000000,Baloto
99,2017-12-06,"[5, 7, 8, 11, 39]",7,12728000000,Baloto
100,2017-12-09,"[15, 18, 23, 32, 36]",14,12814000000,Baloto
101,2017-12-11,"[10, 26, 35, 40, 43]",10,12900000000,Baloto
102,2017-12-13,"[1, 21, 33, 36, 43]",5,12986000000,Baloto
103,2017-12-16,"[5, 17, 35, 41, 42]",9,13072000000,Baloto
104,2017-12-18,"[12, 20, 22, 33, 40]",10,13158000000,Baloto
105,2017-12-20,"[4, 25, 29, 35, 37]",12,13244000000,Baloto
106,2017-12-23,"[8, 9, 12, 16, 25]",5,13330000000,Baloto
107,2017-12-25,"[2, 8, 18, 30, 41]",13,13416000000,Baloto
108,2017-12-27,"[16, 20, 29, 31, 43]",3,13502000000,Baloto
109,2017-12-30,"[2, 8, 12, 14, 21]",16,13588000000,Baloto
110,2018-01-01,"[10, 13, 27, 34, 39]",3,13674000000,Baloto
111,2018-01-03,"[10, 19, 23, 35, 42]",10,13760000000,Baloto
112,2018-01-06,"[9, 21, 23, 34, 43]",16,13846000000,Baloto
113,2018-01-08,"[4, 10, 11, 17, 39]",15,13932000000,Baloto
114,2018-01-10,"[1, 2, 8, 20, 23]",13,14018000000,Baloto
115,2018-01-13,"[1, 3, 13, 27, 35]",1,14104000000,Baloto
116,2018-01-15,"[7, 9, 26, 27, 30]",14,14190000000,Baloto
117,2018-01-17,"[1, 3, 5, 18, 30]",14,14276000000,Baloto
118,2018-01-20,"[9, 12, 17, 27, 37]",8,14362000000,Baloto
119,2018-01-22,"[5, 11, 26, 28, 41]",5,14448000000,Baloto
120,2018-01-24,"[9, 17, 23, 29, 33]",6,14534000000,Baloto
121,2018-01-27,"[9, 11, 12, 25, 43]",8,14620000000,Baloto
122,2018-01-29,"[3, 4, 22, 26, 32]",16,14706000000,Baloto
123,2018-01-31,"[1, 14, 25, 27, 29]",8,14792000000,Baloto
124,2018-02-03,"[6, 15, 29, 34, 38]",7,14878000000,Baloto
125,2018-02-05,"[8, 10, 13, 19, 43]",1,14964000000,Baloto
126,2018-02-07,"[3, 4, 10, 14, 16]",1,15050000000,Baloto
127,2018-02-10,"[7, 9, 16, 20, 23]",3,15136000000,Baloto
128,2018-02-12,"[9, 23, 29, 31, 38]",8,15222000000,Baloto
129,2018-02-14,"[2, 17, 21, 27, 28]",16,15308000000,Baloto
130,2018-02-17,"[4, 21, 26, 34, 42]",3,15394000000,Baloto
131,2018-02-19,"[1, 5, 14, 28, 39]",11,15480000000,Baloto
132,2018-02-21,"[1, 2, 18, 22, 39]",6,15566000000,Baloto
133,2018-02-24,"[1, 8, 31, 33, 35]",15,15652000000,Baloto
134,2018-02-26,"[3, 6, 9, 13, 20]",8,15738000000,Baloto
135,2018-02-28,"[7, 14, 18, 19, 39]",10,15824000000,Baloto
136,2018-03-03,"[3, 16, 35, 37, 43]",1,15910000000,Baloto
137,2018-03-05,"[1, 10, 25, 40, 42]",3,15996000000,Baloto
138,2018-03-07,"[18, 26, 34, 42, 43]",1,16082000000,Baloto
139,2018-03-10,"[1, 10, 15, 23, 26]",7,16168000000,Baloto
140,2018-03-12,"[22, 23, 30, 37, 40]",12,16254000000,Baloto
141,2018-03-14,"[5, 34, 38, 40, 41]",10,16340000000,Baloto
142,2018-03-17,"[5, 6, 29, 32, 41]",2,16426000000,Baloto
143,2018-03-19,"[10, 14, 15, 23, 41]",5,16512000000,Baloto
144,2018-03-21,"[13, 19, 23, 34, 42]",11,16598000000,Baloto
145,2018-03-24,"[1, 2, 11, 14, 21]",1,16684000000,Baloto
146,2018-03-26,"[20, 21, 22, 30, 40]",4,16770000000,Baloto
147,2018-03-28,"[16, 20, 21, 25, 31]",13,16856000000,Baloto
148,2018-03-31,"[14, 16, 20, 24, 42]",1,16942000000,Baloto
149,2018-04-02,"[7, 16, 30, 33, 36]",16,17028000000,Baloto
150,2018-04-04,"[2, 12, 14, 28, 31]",2,17114000000,Baloto
151,2018-04-07,"[6, 26, 34, 37, 43]",3,17200000000,Baloto
152,2018-04-09,"[9, 10, 30, 41, 42]",9,17286000000,Baloto
153,2018-04-11,"[5, 10, 35, 38, 41]",1,17372000000,Baloto
154,2018-04-14,"[1, 10, 12, 13, 25]",2,17458000000,Baloto
155,2018-04-16,"[19, 32, 33, 36, 43]",5,17544000000,Baloto
156,2018-04-18,"[3, 8, 13, 15, 38]",8,17630000000,Baloto
157,2018-04-21,"[2, 5, 16, 27, 36]",8,17716000000,Baloto
158,2018-04-23,"[9, 10, 34, 37, 43]",12,17802000000,Baloto
159,2018-04-25,"[8, 11, 24, 35, 43]",7,17888000000,Baloto
160,2018-04-28,"[4, 11, 12, 20, 25]",10,17974000000,Baloto
161,2018-04-30,"[3, 23, 24, 38, 41]",2,18060000000,Baloto
162,2018-05-02,"[6, 15, 22, 37, 43]",15,18146000000,Baloto
163,2018-05-05,"[14, 20, 30, 34, 35]",16,18232000000,Baloto
164,2018-05-07,"[9, 24, 30, 40, 41]",13,18318000000,Baloto
165,2018-05-09,"[1, 9, 15, 30, 32]",5,18404000000,Baloto
166,2018-05-12,"[5, 16, 19, 39, 41]",5,18490000000,Baloto
167,2018-05-14,"[1, 3, 7, 26, 41]",9,18576000000,Baloto
168,2018-05-16,"[3, 28, 33, 39, 42]",15,18662000000,Baloto
169,2018-05-19,"[9, 12, 21, 42, 43]",14,18747999999,Baloto
170,2018-05-21,"[1, 6, 20, 23, 40]",4,18834000000,Baloto
171,2018-05-23,"[15, 17, 22, 32, 39]",13,18920000000,Baloto
172,2018-05-26,"[6, 24, 26, 28, 43]",13,19006000000,Baloto
173,2018-05-28,"[11, 18, 29, 36, 39]",13,19091999999,Baloto
174,2018-05-30,"[1, 6, 7, 8, 28]",5,19178000000,Baloto
175,2018-06-02,"[12, 23, 26, 37, 42]",10,19264000000,Baloto
176,2018-06-04,"[11, 12, 22, 36, 39]",7,19350000000,Baloto
177,2018-06-06,"[1, 10, 12, 29, 31]",3,19436000000,Baloto
178,2018-06-09,"[4, 5, 8, 40, 42]",14,19522000000,Baloto
179,2018-06-11,"[3, 13, 21, 22, 23]",10,19608000000,Baloto
180,2018-06-13,"[9, 11, 21, 23, 35]",3,19694000000,Baloto
181,2018-06-16,"[1, 5, 15, 19, 28]",8,19780000000,Baloto
182,2018-06-18,"[14, 17, 19, 27, 31]",13,19866000000,Baloto
183,2018-06-20,"[9, 14, 30, 31, 33]",16,19952000000,Baloto
184,2018-06-23,"[8, 12, 13, 31, 40]",11,20038000000,Baloto
185,2018-06-25,"[8, 11, 14, 22, 27]",16,20124000000,Baloto
186,2018-06-27,"[5, 12, 23, 40, 41]",7,20210000000,Baloto
187,2018-06-30,"[3, 6, 15, 18, 39]",3,20296000000,Baloto
188,2018-07-02,"[5, 7, 26, 29, 38]",10,20382000000,Baloto
189,2018-07-04,"[14, 25, 27, 38, 39]",8,20468000000,Baloto
190,2018-07-07,"[6, 8, 23, 30, 35]",3,20554000000,Baloto
191,2018-07-09,"[3, 23, 27, 41, 43]",2,20640000000,Baloto
192,2018-07-11,"[7, 11, 17, 24, 30]",3,20726000000,Baloto
193,2018-07-14,"[8, 16, 26, 27, 42]",14,20812000000,Baloto
194,2018-07-16,"[3, 4, 6, 14, 40]",12,20897999999,Baloto
195,2018-07-18,"[4, 5, 22, 35, 36]",10,20984000000,Baloto
196,2018-07-21,"[10, 14, 17, 21, 33]",12,21070000000,Baloto
197,2018-07-23,"[12, 27, 33, 36, 38]",2,21156000000,Baloto
198,2018-07-25,"[12, 15, 18, 20, 38]",9,21241999999,Baloto
199,2018-07-28,"[6, 17, 23, 24, 38]",16,21328000000,Baloto
200,2018-07-30,"[6, 8, 12, 38, 43]",1,21414000000,Baloto
201,2018-08-01,"[13, 14, 15, 23, 31]",5,21500000000,Baloto
202,2018-08-04,"[11, 18, 28, 35, 37]",3,21586000000,Baloto
203,2018-08-06,"[1, 3, 10, 16, 21]",11,21672000000,Baloto
204,2018-08-08,"[6, 27, 31, 32, 33]",2,21758000000,Baloto
205,2018-08-11,"[4, 13, 31, 33, 42]",12,21844000000,Baloto
206,2018-08-13,"[1, 11, 13, 21, 35]",12,21930000000,Baloto
207,2018-08-15,"[17, 21, 28, 33, 38]",11,22016000000,Baloto
208,2018-08-18,"[4, 16, 17, 26, 27]",3,22102000000,Baloto
209,2018-08-20,"[18, 19, 21, 38, 40]",10,22188000000,Baloto
210,2018-08-22,"[15, 28, 31, 34, 42]",9,22274000000,Baloto
211,2018-08-25,"[4, 26, 32, 33, 41]",5,22360000000,Baloto
212,2018-08-27,"[3, 5, 15, 25, 36]",6,22446000000,Baloto
213,2018-08-29,"[3, 13, 24, 34, 39]",7,22532000000,Baloto
214,2018-09-01,"[19, 24, 28, 31, 43]",6,22618000000,Baloto
215,2018-09-03,"[6, 19, 23, 35, 43]",11,22704000000,Baloto
216,2018-09-05,"[3, 12, 15, 18, 38]",12,22790000000,Baloto
217,2018-09-08,"[8, 12, 15, 30, 36]",14,22876000000,Baloto
218,2018-09-10,"[4, 6, 7, 30, 34]",9,22962000000,Baloto
219,2018-09-12,"[5, 13, 17, 31, 35]",2,23048000000,Baloto
220,2018-09-15,"[1, 5, 17, 28, 33]",8,23134000000,Baloto
221,2018-09-17,"[7, 9, 10, 26, 32]",4,23220000000,Baloto
222,2018-09-19,"[5, 11, 15, 16, 25]",5,23306000000,Baloto
223,2018-09-22,"[6, 21, 23, 36, 41]",9,23392000000,Baloto
224,2018-09-24,"[10, 11, 24, 31, 38]",2,23478000000,Baloto
225,2018-09-26,"[6, 8, 12, 35, 38]",5,23564000000,Baloto
226,2018-09-29,"[7, 15, 21, 34, 41]",4,23650000000,Baloto
227,2018-10-01,"[1, 2, 12, 29, 32]",9,23736000000,Baloto
228,2018-10-03,"[7, 16, 17, 20, 39]",10,23822000000,Baloto
229,2018-10-06,"[1, 2, 10, 24, 39]",9,23908000000,Baloto
230,2018-10-08,"[6, 7, 25, 34, 42]",11,23994000000,Baloto
231,2018-10-10,"[3, 4, 16, 21, 24]",1,24080000000,Baloto
232,2018-10-13,"[4, 6, 8, 30, 40]",16,24166000000,Baloto
233,2018-10-15,"[7, 14, 29, 31, 43]",8,24252000000,Baloto
234,2018-10-17,"[13, 21, 22, 37, 39]",16,24338000000,Baloto
235,2018-10-20,"[3, 16, 29, 38, 42]",4,24424000000,Baloto
236,2018-10-22,"[5, 32, 34, 36, 37]",15,24510000000,Baloto
237,2018-10-24,"[8, 10, 25, 39, 43]",8,24596000000,Baloto
238,2018-10-27,"[5, 7, 11, 16, 34]",16,24682000000,Baloto
239,2018-10-29,"[18, 21, 27, 32, 35]",6,24768000000,Baloto
240,2018-10-31,"[12, 20, 26, 32, 36]",11,24854000000,Baloto
241,2018-11-03,"[3, 8, 12, 19, 42]",15,24940000000,Baloto
242,2018-11-05,"[7, 13, 16, 36, 43]",11,25026000000,Baloto
243,2018-11-07,"[2, 5, 8, 26, 37]",3,25112000000,Baloto
244,2018-11-10,"[7, 14, 24, 32, 34]",8,25198000000,Baloto
245,2018-11-12,"[5, 8, 21, 41, 43]",3,25284000000,Baloto
246,2018-11-14,"[6, 9, 28, 32, 33]",1,25370000000,Baloto
247,2018-11-17,"[2, 10, 12, 13, 15]",9,25456000000,Baloto
248,2018-11-19,"[4, 11, 23, 28, 36]",13,25542000000,Baloto
249,2018-11-21,"[11, 17, 27, 34, 36]",10,25628000000,Baloto
250,2018-11-24,"[12, 23, 26, 28, 41]",4,25714000000,Baloto
251,2018-11-26,"[9, 34, 35, 39, 40]",1,25800000000,Baloto
252,2018-11-28,"[4, 11, 27, 30, 35]",12,25886000000,Baloto
253,2018-12-01,"[10, 16, 30, 31, 38]",1,25972000000,Baloto
254,2018-12-03,"[3, 15, 19, 20, 35]",1,26058000000,Baloto
255,2018-12-05,"[2, 14, 28, 32, 43]",4,26144000000,Baloto
256,2018-12-08,"[15, 17, 33, 36, 40]",2,26230000000,Baloto
257,2018-12-10,"[3, 7, 17, 35, 36]",8,26316000000,Baloto
258,2018-12-12,"[11, 15, 18, 25, 34]",11,26402000000,Baloto
259,2018-12-15,"[11, 25, 32, 38, 41]",2,26488000000,Baloto
260,2018-12-17,"[10, 19, 26, 33, 37]",12,26574000000,Baloto
261,2018-12-19,"[1, 5, 22, 24, 33]",13,26660000000,Baloto
262,2018-12-22,"[2, 4, 5, 22, 31]",11,26746000000,Baloto
263,2018-12-24,"[2, 23, 25, 34, 39]",7,26832000000,Baloto
264,2018-12-26,"[6, 8, 13, 17, 22]",11,26918000000,Baloto
265,2018-12-29,"[6, 14, 15, 23, 24]",2,27004000000,Baloto
266,2018-12-31,"[1, 15, 18, 24, 42]",1,27090000000,Baloto
267,2019-01-02,"[3, 10, 17, 18, 32]",2,27176000000,Baloto
268,2019-01-05,"[5, 7, 14, 30, 40]",8,27262000000,Baloto
269,2019-01-07,"[5, 6, 8, 12, 25]",14,27348000000,Baloto
270,2019-01-09,"[12, 14, 25, 31, 39]",7,27434000000,Baloto
271,2019-01-12,"[3, 9, 17, 22, 38]",8,27520000000,Baloto
272,2019-01-14,"[8, 9, 15, 19, 31]",3,27606000000,Baloto
273,2019-01-16,"[1, 8, 12, 14, 39]",8,27692000000,Baloto
274,2019-01-19,"[24, 25, 28, 32, 34]",13,27778000000,Baloto
275,2019-01-21,"[4, 14, 17, 19, 40]",3,27864000000,Baloto
276,2019-01-23,"[17, 33, 34, 42, 43]",12,27950000000,Baloto
277,2019-01-26,"[11, 18, 30, 36, 38]",3,28036000000,Baloto
278,2019-01-28,"[1, 3, 15, 29, 35]",13,28122000000,Baloto
279,2019-01-30,"[2, 10, 25, 31, 42]",4,28208000000,Baloto
280,2019-02-02,"[2, 4, 29, 32, 40]",8,28294000000,Baloto
281,2019-02-04,"[3, 6, 10, 34, 42]",3,28380000000,Baloto
282,2019-02-06,"[4, 9, 20, 26, 37]",5,28466000000,Baloto
283,2019-02-09,"[2, 9, 19, 22, 42]",5,28552000000,Baloto
284,2019-02-11,"[8, 10, 27, 36, 37]",4,28638000000,Baloto
285,2019-02-13,"[7, 21, 27, 40, 41]",4,28724000000,Baloto
286,2019-02-16,"[6, 21, 30, 36, 38]",16,28810000000,Baloto
287,2019-02-18,"[9, 13, 28, 33, 37]",5,28896000000,Baloto
288,2019-02-20,"[4, 14, 19, 27, 30]",12,28982000000,Baloto
289,2019-02-23,"[1, 6, 15, 22, 26]",16,29068000000,Baloto
290,2019-02-25,"[12, 30, 31, 38, 39]",9,29154000000,Baloto
291,2019-02-27,"[3, 9, 13, 38, 42]",16,29240000000,Baloto
292,2019-03-02,"[4, 18, 19, 30, 35]",1,29326000000,Baloto
293,2019-03-04,"[1, 11, 15, 31, 37]",8,29412000000,Baloto
294,2019-03-06,"[24, 26, 33, 38, 43]",12,29498000000,Baloto
295,2019-03-09,"[3, 18, 22, 33, 34]",7,29584000000,Baloto
296,2019-03-11,"[11, 12, 18, 24, 32]",5,29670000000,Baloto
297,2019-03-13,"[6, 18, 24, 25, 34]",7,29756000000,Baloto
298,2019-03-16,"[4, 8, 26, 35, 40]",4,29842000000,Baloto
299,2019-03-18,"[11, 14, 15, 23, 33]",8,29928000000,Baloto
300,2019-03-20,"[4, 10, 19, 30, 41]",6,30014000000,Baloto
301,2019-03-23,"[11, 20, 31, 34, 42]",7,30100000000,Baloto
302,2019-03-25,"[7, 9, 21, 22, 41]",2,30186000000,Baloto
303,2019-03-27,"[16, 23, 29, 32, 43]",3,30272000000,Baloto
304,2019-03-30,"[19, 23, 37, 38, 39]",10,30358000000,Baloto
305,2019-04-01,"[2, 5, 14, 20, 39]",6,30444000000,Baloto
306,2019-04-03,"[4, 7, 13, 16, 43]",4,30530000000,Baloto
307,2019-04-06,"[2, 7, 11, 20, 22]",7,30616000000,Baloto
308,2019-04-08,"[12, 15, 19, 21, 29]",14,30702000000,Baloto
309,2019-04-10,"[14, 18, 30, 41, 42]",10,30788000000,Baloto
310,2019-04-13,"[2, 4, 17, 28, 30]",3,30874000000,Baloto
311,2019-04-15,"[11, 18, 26, 32, 37]",12,30960000000,Baloto
312,2019-04-17,"[19, 25, 26, 27, 32]",4,31046000000,Baloto
313,2019-04-20,"[2, 17, 25, 27, 36]",4,31132000000,Baloto
314,2019-04-22,"[8, 22, 23, 36, 39]",16,31218000000,Baloto
315,2019-04-24,"[15, 17, 21, 42, 43]",5,31304000000,Baloto
316,2019-04-27,"[7, 9, 16, 24, 25]",13,31390000000,Baloto
317,2019-04-29,"[8, 15, 25, 28, 32]",11,31476000000,Baloto
318,2019-05-01,"[12, 25, 27, 29, 43]",12,31562000000,Baloto
319,2019-05-04,"[13, 20, 22, 31, 32]",3,31648000000,Baloto
320,2019-05-06,"[6, 9, 12, 16, 19]",15,31734000000,Baloto
321,2019-05-08,"[1, 3, 25, 31, 32]",6,31820000000,Baloto
322,2019-05-11,"[1, 15, 17, 22, 35]",1,31906000000,Baloto
323,2019-05-13,"[22, 28, 33, 40, 43]",2,31992000000,Baloto
324,2019-05-15,"[26, 28, 31, 39, 42]",8,32078000000,Baloto
325,2019-05-18,"[13, 14, 17, 28, 36]",6,32164000000,Baloto
326,2019-05-20,"[3, 23, 25, 34, 38]",10,32250000000,Baloto
327,2019-05-22,"[3, 9, 26, 29, 40]",9,32336000000,Baloto
328,2019-05-25,"[4, 11, 28, 30, 33]",7,32422000000,Baloto
329,2019-05-27,"[3, 6, 9, 19, 28]",11,32508000000,Baloto
330,2019-05-29,"[8, 14, 32, 33, 40]",8,32594000000,Baloto
331,2019-06-01,"[1, 3, 13, 24, 33]",7,32680000000,Baloto
332,2019-06-03,"[10, 18, 24, 38, 39]",14,32766000000,Baloto
333,2019-06-05,"[12, 26, 32, 37, 39]",1,32852000000,Baloto
334,2019-06-08,"[4, 5, 6, 12, 29]",12,32938000000,Baloto
335,2019-06-10,"[1, 3, 6, 15, 21]",6,33024000000,Baloto
336,2019-06-12,"[4, 10, 23, 26, 32]",6,33110000000,Baloto
337,2019-06-15,"[2, 6, 33, 37, 42]",6,33196000000,Baloto
338,2019-06-17,"[25, 31, 32, 36, 42]",1,33282000000,Baloto
339,2019-06-19,"[3, 15, 17, 28, 35]",4,33368000000,Baloto
340,2019-06-22,"[2, 11, 14, 38, 43]",6,33454000000,Baloto
341,2019-06-24,"[29, 30, 38, 40, 41]",5,33540000000,Baloto
342,2019-06-26,"[3, 5, 7, 11, 33]",4,33626000000,Baloto
343,2019-06-29,"[17, 18, 28, 33, 38]",10,33712000000,Baloto
344,2019-07-01,"[3, 16, 23, 25, 34]",4,33798000000,Baloto
345,2019-07-03,"[1, 3, 32, 41, 43]",8,33884000000,Baloto
346,2019-07-06,"[4, 17, 26, 28, 37]",14,33970000000,Baloto
347,2019-07-08,"[4, 9, 20, 23, 25]",9,34056000000,Baloto
348,2019-07-10,"[10, 17, 30, 34, 40]",5,34142000000,Baloto
349,2019-07-13,"[10, 25, 27, 40, 43]",15,34228000000,Baloto
350,2019-07-15,"[11, 15, 23, 36, 42]",13,34314000000,Baloto
351,2019-07-17,"[6, 7, 18, 25, 34]",10,34400000000,Baloto
352,2019-07-20,"[6, 21, 26, 29, 43]",12,34486000000,Baloto
353,2019-07-22,"[5, 28, 33, 34, 35]",6,34572000000,Baloto
354,2019-07-24,"[13, 19, 33, 35, 38]",14,34658000000,Baloto
355,2019-07-27,"[6, 12, 33, 35, 37]",16,34744000000,Baloto
356,2019-07-29,"[4, 11, 15, 35, 37]",5,34830000000,Baloto
357,2019-07-31,"[17, 19, 32, 40, 42]",6,34916000000,Baloto
358,2019-08-03,"[7, 15, 24, 36, 38]",5,35002000000,Baloto
359,2019-08-05,"[4, 18, 25, 31, 32]",4,35088000000,Baloto
360,2019-08-07,"[1, 8, 9, 29, 41]",3,35174000000,Baloto
361,2019-08-10,"[3, 11, 16, 31, 40]",7,35260000000,Baloto
362,2019-08-12,"[22, 28, 37, 42, 43]",3,35345999999,Baloto
363,2019-08-14,"[3, 8, 12, 21, 23]",4,35432000000,Baloto
364,2019-08-17,"[2, 10, 11, 13, 17]",15,35518000000,Baloto
365,2019-08-19,"[8, 12, 14, 16, 19]",12,35604000000,Baloto
366,2019-08-21,"[3, 9, 21, 23, 35]",5,35690000000,Baloto
367,2019-08-24,"[10, 16, 18, 24, 25]",4,35776000000,Baloto
368,2019-08-26,"[2, 7, 25, 38, 40]",9,35862000000,Baloto
369,2019-08-28,"[8, 16, 25, 30, 39]",13,35948000000,Baloto
370,2019-08-31,"[8, 18, 27, 29, 38]",10,36033999999,Baloto
371,2019-09-02,"[9, 10, 23, 27, 43]",8,36120000000,Baloto
372,2019-09-04,"[2, 4, 20, 24, 37]",11,36206000000,Baloto
373,2019-09-07,"[1, 10, 11, 24, 32]",4,36292000000,Baloto
374,2019-09-09,"[6, 12, 15, 24, 37]",2,36378000000,Baloto
375,2019-09-11,"[7, 13, 15, 24, 43]",16,36464000000,Baloto
376,2019-09-14,"[2, 9, 12, 19, 20]",11,36550000000,Baloto
377,2019-09-16,"[27, 29, 35, 38, 43]",10,36636000000,Baloto
378,2019-09-18,"[18, 22, 25, 35, 36]",15,36722000000,Baloto
379,2019-09-21,"[6, 19, 31, 40, 42]",5,36808000000,Baloto
380,2019-09-23,"[1, 8, 12, 30, 40]",3,36894000000,Baloto
381,2019-09-25,"[8, 12, 30, 34, 35]",14,36980000000,Baloto
382,2019-09-28,"[2, 3, 14, 30, 31]",15,37066000000,Baloto
383,2019-09-30,"[9, 13, 36, 41, 42]",8,37152000000,Baloto
384,2019-10-02,"[1, 14, 25, 32, 35]",8,37238000000,Baloto
385,2019-10-05,"[3, 5, 14, 26, 42]",9,37324000000,Baloto
386,2019-10-07,"[5, 8, 18, 20, 33]",8,37410000000,Baloto
387,2019-10-09,"[4, 8, 13, 15, 23]",7,37495999999,Baloto
388,2019-10-12,"[8, 16, 24, 38, 43]",13,37582000000,Baloto
389,2019-10-14,"[8, 10, 11, 41, 43]",16,37668000000,Baloto
390,2019-10-16,"[2, 25, 30, 32, 41]",10,37754000000,Baloto
391,2019-10-19,"[1, 15, 21, 22, 39]",8,37840000000,Baloto
392,2019-10-21,"[2, 11, 12, 29, 33]",13,37926000000,Baloto
393,2019-10-23,"[18, 19, 22, 38, 41]",7,38012000000,Baloto
394,2019-10-26,"[2, 6, 8, 16, 37]",12,38098000000,Baloto
395,2019-10-28,"[2, 9, 16, 22, 32]",4,38183999999,Baloto
396,2019-10-30,"[6, 7, 11, 15, 37]",5,38270000000,Baloto
397,2019-11-02,"[1, 12, 22, 33, 37]",10,38356000000,Baloto
398,2019-11-04,"[4, 10, 20, 27, 39]",11,38442000000,Baloto
399,2019-11-06,"[5, 18, 19, 25, 41]",2,38528000000,Baloto
400,2019-11-09,"[4, 11, 21, 26, 43]",9,38614000000,Baloto
401,2019-11-11,"[3, 13, 29, 34, 36]",11,38700000000,Baloto
402,2019-11-13,"[7, 26, 28, 32, 36]",16,38786000000,Baloto
403,2019-11-16,"[17, 19, 20, 24, 26]",12,38872000000,Baloto
404,2019-11-18,"[2, 18, 24, 28, 36]",1,38958000000,Baloto
405,2019-11-20,"[11, 27, 34, 38, 41]",6,39044000000,Baloto
406,2019-11-23,"[18, 22, 23, 39, 42]",4,39130000000,Baloto
407,2019-11-25,"[5, 36, 38, 39, 43]",10,39216000000,Baloto
408,2019-11-27,"[1, 11, 21, 22, 29]",2,39302000000,Baloto
409,2019-11-30,"[6, 9, 16, 17, 26]",7,39388000000,Baloto
410,2019-12-02,"[14, 18, 23, 38, 39]",2,39474000000,Baloto
411,2019-12-04,"[18, 21, 29, 39, 41]",3,39560000000,Baloto
412,2019-12-07,"[3, 27, 32, 37, 42]",7,39646000000,Baloto
413,2019-12-09,"[11, 30, 34, 41, 43]",13,39732000000,Baloto
414,2019-12-11,"[12, 14, 33, 34, 38]",7,39818000000,Baloto
415,2019-12-14,"[3, 6, 8, 10, 17]",4,39904000000,Baloto
416,2019-12-16,"[4, 16, 22, 34, 35]",14,39990000000,Baloto
417,2019-12-18,"[4, 6, 7, 10, 18]",3,40076000000,Baloto
418,2019-12-21,"[2, 5, 23, 30, 34]",6,40162000000,Baloto
419,2019-12-23,"[3, 6, 11, 39, 41]",13,40248000000,Baloto
420,2019-12-25,"[1, 15, 25, 41, 43]",11,40334000000,Baloto
421,2019-12-28,"[2, 4, 5, 31, 35]",10,40420000000,Baloto
422,2019-12-30,"[13, 14, 18, 34, 39]",9,40506000000,Baloto
423,2020-01-01,"[13, 15, 16, 28, 31]",5,40592000000,Baloto
424,2020-01-04,"[12, 16, 24, 29, 33]",11,40678000000,Baloto
425,2020-01-06,"[1, 8, 25, 33, 34]",15,40764000000,Baloto
426,2020-01-08,"[24, 29, 33, 34, 37]",11,40850000000,Baloto
427,2020-01-11,"[5, 6, 32, 37, 39]",14,40936000000,Baloto
428,2020-01-13,"[2, 4, 13, 20, 37]",5,41022000000,Baloto
429,2020-01-15,"[1, 7, 11, 13, 14]",7,41108000000,Baloto
430,2020-01-18,"[5, 8, 10, 11, 35]",15,41194000000,Baloto
431,2020-01-20,"[2, 15, 17, 28, 29]",4,41280000000,Baloto
432,2020-01-22,"[2, 12, 27, 29, 30]",16,41366000000,Baloto
433,2020-01-25,"[1, 5, 12, 14, 31]",2,41452000000,Baloto
434,2020-01-27,"[9, 11, 19, 25, 32]",10,41538000000,Baloto
435,2020-01-29,"[3, 22, 29, 33, 36]",1,41624000000,Baloto
436,2020-02-01,"[1, 12, 23, 28, 30]",13,41710000000,Baloto
437,2020-02-03,"[8, 10, 19, 36, 41]",11,41796000000,Baloto
438,2020-02-05,"[28, 29, 30, 41, 42]",8,41882000000,Baloto
439,2020-02-08,"[10, 13, 23, 33, 37]",4,41968000000,Baloto
440,2020-02-10,"[7, 22, 28, 42, 43]",14,42054000000,Baloto
441,2020-02-12,"[5, 7, 12, 23, 42]",2,42140000000,Baloto
442,2020-02-15,"[16, 25, 27, 31, 42]",8,42226000000,Baloto
443,2020-02-17,"[3, 10, 12, 33, 42]",13,42312000000,Baloto
444,2020-02-19,"[11, 14, 25, 26, 28]",6,42398000000,Baloto
445,2020-02-22,"[7, 24, 29, 31, 35]",10,42484000000,Baloto
446,2020-02-24,"[10, 23, 27, 30, 34]",2,42570000000,Baloto
447,2020-02-26,"[11, 22, 26, 29, 36]",11,42656000000,Baloto
448,2020-02-29,"[5, 34, 37, 40, 41]",5,42742000000,Baloto
449,2020-03-02,"[8, 29, 37, 40, 41]",3,42828000000,Baloto
450,2020-03-04,"[7, 8, 10, 26, 40]",15,42914000000,Baloto
451,2020-03-07,"[5, 19, 26, 38, 42]",4,43000000000,Baloto
452,2020-03-09,"[3, 23, 31, 33, 40]",10,43086000000,Baloto
453,2020-03-11,"[1, 4, 6, 33, 41]",15,43172000000,Baloto
454,2020-03-14,"[7, 10, 12, 26, 41]",10,43258000000,Baloto
455,2020-03-16,"[9, 12, 26, 28, 39]",2,43344000000,Baloto
456,2020-03-18,"[20, 29, 32, 35, 37]",6,43430000000,Baloto
457,2020-03-21,"[4, 7, 11, 17, 35]",16,43516000000,Baloto
458,2020-03-23,"[5, 6, 12, 13, 25]",2,43602000000,Baloto
459,2020-03-25,"[16, 24, 25, 30, 43]",1,43688000000,Baloto
460,2020-03-28,"[7, 18, 24, 29, 39]",1,43774000000,Baloto
461,2020-03-30,"[13, 24, 28, 30, 42]",2,43860000000,Baloto
462,2020-04-01,"[2, 12, 36, 37, 39]",12,43946000000,Baloto
463,2020-04-04,"[9, 17, 27, 37, 39]",8,44032000000,Baloto
464,2020-04-06,"[4, 19, 24, 34, 37]",3,44118000000,Baloto
465,2020-04-08,"[10, 11, 12, 31, 37]",4,44204000000,Baloto
466,2020-04-11,"[28, 29, 33, 34, 43]",8,44290000000,Baloto
467,2020-04-13,"[8, 15, 30, 35, 42]",9,44376000000,Baloto
468,2020-04-15,"[10, 20, 29, 31, 42]",7,44462000000,Baloto
469,2020-04-18,"[3, 20, 29, 31, 32]",14,44548000000,Baloto
470,2020-04-20,"[9, 16, 18, 19, 28]",12,44634000000,Baloto
471,2020-04-22,"[27, 33, 34, 39, 42]",14,44720000000,Baloto
472,2020-04-25,"[3, 5, 14, 28, 33]",10,44806000000,Baloto
473,2020-04-27,"[8, 11, 29, 35, 43]",16,44892000000,Baloto
474,2020-04-29,"[3, 15, 34, 36, 38]",14,44978000000,Baloto
475,2020-05-02,"[6, 23, 31, 37, 39]",15,45064000000,Baloto
476,2020-05-04,"[13, 14, 22, 26, 34]",12,45150000000,Baloto
477,2020-05-06,"[28, 29, 31, 34, 42]",7,45236000000,Baloto
478,2020-05-09,"[23, 26, 27, 35, 37]",13,45322000000,Baloto
479,2020-05-11,"[26, 36, 40, 41, 42]",1,45408000000,Baloto
480,2020-05-13,"[13, 15, 17, 31, 33]",1,45494000000,Baloto
481,2020-05-16,"[4, 8, 10, 12, 23]",8,45580000000,Baloto
482,2020-05-18,"[13, 16, 20, 26, 33]",6,45666000000,Baloto
483,2020-05-20,"[5, 16, 19, 31, 40]",11,45752000000,Baloto
484,2020-05-23,"[3, 4, 18, 22, 23]",6,45838000000,Baloto
485,2020-05-25,"[18, 24, 28, 29, 42]",15,45924000000,Baloto
486,2020-05-27,"[13, 15, 29, 31, 42]",6,46010000000,Baloto
487,2020-05-30,"[15, 18, 25, 28, 40]",9,46096000000,Baloto
488,2020-06-01,"[3, 13, 14, 36, 43]",4,46182000000,Baloto
489,2020-06-03,"[12, 15, 21, 30, 43]",9,46268000000,Baloto
490,2020-06-06,"[12, 14, 22, 38, 39]",16,46354000000,Baloto
491,2020-06-08,"[10, 18, 30, 33, 35]",15,46440000000,Baloto
492,2020-06-10,"[2, 6, 15, 29, 36]",12,46526000000,Baloto
493,2020-06-13,"[5, 11, 22, 35, 43]",6,46612000000,Baloto
494,2020-06-15,"[16, 18, 31, 32, 37]",3,46698000000,Baloto
495,2020-06-17,"[11, 31, 32, 38, 39]",10,46784000000,Baloto
496,2020-06-20,"[2, 14, 18, 35, 40]",6,46870000000,Baloto
497,2020-06-22,"[2, 21, 26, 36, 43]",2,46956000000,Baloto
498,2020-06-24,"[12, 16, 19, 23, 28]",6,47042000000,Baloto
499,2020-06-27,"[14, 29, 30, 39, 40]",9,47128000000,Baloto
500,2020-06-29,"[11, 16, 25, 29, 31]",1,47214000000,Baloto
501,2020-07-01,"[28, 30, 33, 35, 39]",2,47300000000,Baloto
502,2020-07-04,"[7, 11, 16, 30, 43]",3,47386000000,Baloto
503,2020-07-06,"[30, 33, 34, 37, 43]",15,47472000000,Baloto
504,2020-07-08,"[1, 2, 30, 34, 42]",4,47558000000,Baloto
505,2020-07-11,"[18, 21, 29, 30, 41]",16,47644000000,Baloto
506,2020-07-13,"[3, 27, 33, 35, 38]",15,47730000000,Baloto
507,2020-07-15,"[7, 8, 12, 23, 39]",10,47816000000,Baloto
508,2020-07-18,"[13, 33, 35, 41, 42]",6,47902000000,Baloto
509,2020-07-20,"[7, 16, 22, 31, 35]",1,47988000000,Baloto
510,2020-07-22,"[4, 5, 31, 38, 43]",1,48074000000,Baloto
511,2020-07-25,"[9, 14, 23, 29, 31]",16,48160000000,Baloto
512,2020-07-27,"[13, 31, 32, 36, 42]",7,48246000000,Baloto
513,2020-07-29,"[16, 20, 24, 26, 43]",14,48332000000,Baloto
514,2020-08-01,"[7, 19, 22, 31, 32]",15,48418000000,Baloto
515,2020-08-03,"[15, 19, 25, 26, 35]",7,48504000000,Baloto
516,2020-08-05,"[18, 22, 36, 38, 39]",4,48590000000,Baloto
517,2020-08-08,"[3, 6, 20, 29, 30]",6,48676000000,Baloto
518,2020-08-10,"[8, 15, 16, 25, 32]",9,48762000000,Baloto
519,2020-08-12,"[17, 20, 28, 29, 30]",8,48848000000,Baloto
520,2020-08-15,"[4, 14, 20, 23, 35]",1,48934000000,Baloto
521,2020-08-17,"[25, 35, 37, 39, 43]",10,49020000000,Baloto
522,2020-08-19,"[5, 13, 35, 36, 39]",4,49106000000,Baloto
523,2020-08-22,"[31, 32, 34, 36, 42]",9,49192000000,Baloto
524,2020-08-24,"[5, 7, 33, 34, 43]",6,49278000000,Baloto
525,2020-08-26,"[25, 29, 30, 35, 37]",5,49364000000,Baloto
526,2020-08-29,"[23, 26, 28, 29, 39]",13,49450000000,Baloto
527,2020-08-31,"[3, 6, 11, 13, 33]",7,49536000000,Baloto
528,2020-09-02,"[11, 14, 20, 35, 43]",12,49622000000,Baloto
529,2020-09-05,"[8, 9, 19, 32, 37]",6,49708000000,Baloto
530,2020-09-07,"[8, 12, 24, 26, 39]",6,49794000000,Baloto
531,2020-09-09,"[15, 35, 40, 41, 43]",3,49880000000,Baloto
532,2020-09-12,"[3, 9, 13, 27, 31]",15,49966000000,Baloto
533,2020-09-14,"[20, 30, 34, 37, 43]",7,50052000000,Baloto
534,2020-09-16,"[12, 18, 19, 24, 26]",15,50138000000,Baloto
535,2020-09-19,"[1, 28, 29, 32, 36]",12,50224000000,Baloto
536,2020-09-21,"[14, 24, 25, 33, 39]",14,50310000000,Baloto
537,2020-09-23,"[17, 18, 28, 30, 43]",7,50396000000,Baloto
538,2020-09-26,"[11, 15, 23, 36, 42]",13,50482000000,Baloto
539,2020-09-28,"[1, 10, 11, 15, 36]",3,50568000000,Baloto
540,2020-09-30,"[8, 22, 23, 30, 33]",10,50654000000,Baloto
541,2020-10-03,"[7, 10, 13, 17, 22]",2,50740000000,Baloto
542,2020-10-05,"[8, 9, 26, 36, 37]",1,50826000000,Baloto
543,2020-10-07,"[3, 7, 28, 34, 41]",16,50912000000,Baloto
544,2020-10-10,"[3, 8, 10, 33, 35]",11,50998000000,Baloto
545,2020-10-12,"[3, 14, 17, 19, 39]",12,51084000000,Baloto
546,2020-10-14,"[1, 9, 26, 27, 41]",5,51170000000,Baloto
547,2020-10-17,"[5, 10, 19, 22, 41]",8,51256000000,Baloto
548,2020-10-19,"[1, 2, 8, 37, 42]",14,51342000000,Baloto
549,2020-10-21,"[4, 8, 21, 33, 37]",11,51428000000,Baloto
550,2020-10-24,"[5, 12, 14, 34, 37]",10,51514000000,Baloto
551,2020-10-26,"[6, 14, 26, 28, 29]",4,51600000000,Baloto
552,2020-10-28,"[9, 26, 39, 42, 43]",11,51686000000,Baloto
553,2020-10-31,"[6, 7, 16, 32, 39]",16,51772000000,Baloto
554,2020-11-02,"[8, 14, 19, 34, 37]",13,51858000000,Baloto
555,2020-11-04,"[14, 26, 33, 36, 37]",1,51944000000,Baloto
556,2020-11-07,"[5, 13, 15, 19, 39]",6,52030000000,Baloto
557,2020-11-09,"[1, 13, 22, 30, 43]",10,52116000000,Baloto
558,2020-11-11,"[4, 12, 18, 22, 37]",5,52202000000,Baloto
559,2020-11-14,"[9, 13, 14, 24, 41]",13,52288000000,Baloto
560,2020-11-16,"[6, 13, 15, 33, 40]",4,52374000000,Baloto
561,2020-11-18,"[11, 18, 33, 35, 40]",15,52460000000,Baloto
562,2020-11-21,"[1, 8, 18, 30, 43]",3,52546000000,Baloto
563,2020-11-23,"[5, 24, 27, 29, 41]",4,52632000000,Baloto
564,2020-11-25,"[19, 20, 26, 37, 42]",13,52718000000,Baloto
565,2020-11-28,"[2, 6, 8, 32, 36]",3,52804000000,Baloto
566,2020-11-30,"[1, 6, 21, 22, 40]",3,52890000000,Baloto
567,2020-12-02,"[10, 12, 15, 18, 27]",12,52976000000,Baloto
568,2020-12-05,"[4, 21, 32, 38, 40]",7,53062000000,Baloto
569,2020-12-07,"[22, 27, 36, 38, 39]",3,53148000000,Baloto
570,2020-12-09,"[12, 18, 20, 24, 29]",14,53234000000,Baloto
571,2020-12-12,"[5, 13, 23, 24, 31]",15,53320000000,Baloto
572,2020-12-14,"[3, 11, 21, 28, 34]",15,53406000000,Baloto
573,2020-12-16,"[4, 9, 13, 27, 43]",5,53492000000,Baloto
574,2020-12-19,"[8, 17, 19, 28, 29]",1,53578000000,Baloto
575,2020-12-21,"[8, 11, 19, 20, 35]",4,53664000000,Baloto
576,2020-12-23,"[13, 14, 18, 27, 40]",5,53750000000,Baloto
577,2020-12-26,"[3, 5, 11, 14, 21]",16,53836000000,Baloto
578,2020-12-28,"[5, 27, 28, 33, 39]",6,53922000000,Baloto
579,2020-12-30,"[1, 19, 32, 34, 39]",3,54008000000,Baloto
580,2021-01-02,"[3, 22, 30, 32, 36]",5,54094000000,Baloto
581,2021-01-04,"[28, 35, 37, 40, 43]",2,54180000000,Baloto
582,2021-01-06,"[3, 19, 34, 39, 43]",2,54266000000,Baloto
583,2021-01-09,"[1, 8, 29, 40, 42]",5,54352000000,Baloto
584,2021-01-11,"[5, 8, 11, 15, 22]",16,54438000000,Baloto
585,2021-01-13,"[12, 14, 22, 23, 37]",7,54524000000,Baloto
586,2021-01-16,"[16, 28, 33, 39, 43]",5,54610000000,Baloto
587,2021-01-18,"[2, 13, 25, 27, 37]",6,54696000000,Baloto
588,2021-01-20,"[18, 25, 27, 33, 37]",8,54782000000,Baloto
589,2021-01-23,"[5, 17, 18, 31, 37]",16,54868000000,Baloto
590,2021-01-25,"[1, 10, 22, 25, 32]",16,54954000000,Baloto
591,2021-01-27,"[1, 4, 16, 30, 31]",5,55040000000,Baloto
592,2021-01-30,"[4, 22, 26, 29, 38]",1,55126000000,Baloto
593,2021-02-01,"[4, 16, 31, 41, 43]",15,55212000000,Baloto
594,2021-02-03,"[6, 8, 10, 24, 42]",4,55298000000,Baloto
595,2021-02-06,"[2, 13, 14, 33, 43]",5,55384000000,Baloto
596,2021-02-08,"[2, 27, 33, 36, 38]",2,55470000000,Baloto
597,2021-02-10,"[13, 15, 16, 18, 25]",5,55556000000,Baloto
598,2021-02-13,"[7, 15, 32, 33, 34]",13,55642000000,Baloto
599,2021-02-15,"[7, 18, 29, 40, 43]",13,55728000000,Baloto
600,2021-02-17,"[11, 13, 16, 35, 42]",6,55814000000,Baloto
601,2021-02-20,"[8, 10, 11, 20, 31]",3,55900000000,Baloto
602,2021-02-22,"[13, 14, 17, 19, 24]",6,55986000000,Baloto
603,2021-02-24,"[1, 3, 14, 27, 36]",14,56072000000,Baloto
604,2021-02-27,"[15, 21, 39, 41, 42]",7,56158000000,Baloto
605,2021-03-01,"[12, 13, 14, 18, 38]",3,56244000000,Baloto
606,2021-03-03,"[1, 3, 11, 16, 32]",2,56330000000,Baloto
607,2021-03-06,"[5, 10, 18, 23, 32]",9,56416000000,Baloto
608,2021-03-08,"[12, 18, 21, 30, 32]",15,56502000000,Baloto
609,2021-03-10,"[9, 28, 33, 36, 39]",16,56588000000,Baloto
610,2021-03-13,"[3, 10, 14, 24, 39]",16,56674000000,Baloto
611,2021-03-15,"[1, 31, 39, 41, 43]",2,56760000000,Baloto
612,2021-03-17,"[1, 10, 22, 28, 37]",8,56846000000,Baloto
613,2021-03-20,"[2, 5, 32, 35, 36]",12,56932000000,Baloto
614,2021-03-22,"[4, 9, 27, 32, 36]",14,57018000000,Baloto
615,2021-03-24,"[10, 17, 18, 27, 35]",2,57104000000,Baloto
616,2021-03-27,"[6, 20, 22, 23, 31]",15,57190000000,Baloto
617,2021-03-29,"[1, 5, 11, 24, 32]",8,57276000000,Baloto
618,2021-03-31,"[6, 8, 9, 14, 22]",11,57362000000,Baloto
619,2021-04-03,"[5, 8, 18, 40, 41]",3,57448000000,Baloto
620,2021-04-05,"[12, 20, 27, 38, 40]",6,57534000000,Baloto
621,2021-04-07,"[11, 13, 23, 32, 39]",1,57620000000,Baloto
622,2021-04-10,"[23, 26, 38, 40, 42]",4,57706000000,Baloto
623,2021-04-12,"[13, 16, 19, 21, 36]",1,57792000000,Baloto
624,2021-04-14,"[6, 18, 24, 30, 31]",1,57878000000,Baloto
625,2021-04-17,"[5, 10, 14, 23, 29]",7,57964000000,Baloto
626,2021-04-19,"[8, 11, 20, 21, 38]",6,58050000000,Baloto
627,2021-04-21,"[4, 17, 21, 29, 42]",3,58136000000,Baloto
628,2021-04-24,"[3, 9, 12, 26, 27]",15,58222000000,Baloto
629,2021-04-26,"[1, 14, 26, 33, 36]",13,58308000000,Baloto
630,2021-04-28,"[9, 15, 21, 29, 37]",11,58394000000,Baloto
631,2021-05-01,"[2, 8, 9, 15, 34]",2,58480000000,Baloto
632,2021-05-03,"[9, 11, 18, 23, 25]",4,58566000000,Baloto
633,2021-05-05,"[17, 21, 23, 26, 40]",1,58652000000,Baloto
634,2021-05-08,"[22, 34, 35, 36, 37]",13,58738000000,Baloto
635,2021-05-10,"[15, 16, 23, 26, 41]",4,58824000000,Baloto
636,2021-05-12,"[1, 12, 20, 24, 35]",8,58910000000,Baloto
637,2021-05-15,"[3, 8, 9, 11, 14]",11,58996000000,Baloto
638,2021-05-17,"[5, 11, 16, 17, 41]",9,59082000000,Baloto
639,2021-05-19,"[3, 4, 13, 18, 29]",7,59168000000,Baloto
640,2021-05-22,"[15, 17, 22, 39, 42]",1,59254000000,Baloto
641,2021-05-24,"[3, 6, 11, 36, 37]",12,59340000000,Baloto
642,2021-05-26,"[2, 5, 13, 26, 40]",12,59426000000,Baloto
643,2021-05-29,"[18, 20, 25, 40, 42]",8,59512000000,Baloto
644,2021-05-31,"[17, 20, 32, 36, 42]",7,59598000000,Baloto
645,2021-06-02,"[6, 12, 15, 31, 37]",12,59684000000,Baloto
646,2021-06-05,"[13, 22, 32, 40, 41]",13,59770000000,Baloto
647,2021-06-07,"[1, 6, 23, 26, 28]",14,59856000000,Baloto
648,2021-06-09,"[3, 17, 20, 41, 43]",8,59942000000,Baloto
649,2021-06-12,"[6, 17, 22, 25, 39]",6,60028000000,Baloto
650,2021-06-14,"[4, 13, 19, 34, 41]",7,60114000000,Baloto
651,2021-06-16,"[9, 17, 38, 39, 41]",6,60200000000,Baloto
652,2021-06-19,"[9, 19, 20, 35, 37]",12,60286000000,Baloto
653,2021-06-21,"[2, 8, 19, 34, 38]",1,60372000000,Baloto
654,2021-06-23,"[9, 19, 21, 29, 40]",2,60458000000,Baloto
655,2021-06-26,"[2, 4, 13, 26, 27]",9,60544000000,Baloto
656,2021-06-28,"[12, 16, 17, 30, 33]",11,60630000000,Baloto
657,2021-06-30,"[1, 24, 35, 36, 40]",2,60716000000,Baloto
658,2021-07-03,"[8, 12, 23, 34, 38]",14,60802000000,Baloto
659,2021-07-05,"[5, 6, 20, 27, 29]",3,60888000000,Baloto
660,2021-07-07,"[1, 8, 13, 19, 36]",5,60974000000,Baloto
661,2021-07-10,"[14, 15, 16, 32, 36]",15,61060000000,Baloto
662,2021-07-12,"[5, 8, 18, 25, 31]",3,61146000000,Baloto
663,2021-07-14,"[13, 20, 30, 32, 39]",1,61232000000,Baloto
664,2021-07-17,"[6, 14, 24, 34, 38]",6,61318000000,Baloto
665,2021-07-19,"[20, 32, 34, 35, 37]",1,61404000000,Baloto
666,2021-07-21,"[1, 21, 22, 32, 36]",12,61490000000,Baloto
667,2021-07-24,"[6, 11, 13, 30, 34]",11,61576000000,Baloto
668,2021-07-26,"[9, 12, 32, 39, 41]",9,61662000000,Baloto
669,2021-07-28,"[8, 15, 31, 39, 41]",16,61748000000,Baloto
670,2021-07-31,"[1, 18, 33, 41, 42]",5,61834000000,Baloto
671,2021-08-02,"[1, 16, 17, 33, 35]",3,61920000000,Baloto
672,2021-08-04,"[6, 17, 19, 30, 36]",15,62006000000,Baloto
673,2021-08-07,"[8, 10, 26, 29, 34]",15,62092000000,Baloto
674,2021-08-09,"[16, 24, 26, 41, 42]",7,62178000000,Baloto
675,2021-08-11,"[1, 2, 33, 35, 40]",8,62264000000,Baloto
676,2021-08-14,"[9, 17, 29, 37, 39]",5,62350000000,Baloto
677,2021-08-16,"[6, 7, 22, 27, 43]",6,62436000000,Baloto
678,2021-08-18,"[9, 15, 25, 31, 34]",11,62522000000,Baloto
679,2021-08-21,"[8, 15, 30, 41, 42]",14,62608000000,Baloto
680,2021-08-23,"[9, 13, 32, 38, 41]",4,62694000000,Baloto
681,2021-08-25,"[5, 11, 21, 33, 35]",9,62780000000,Baloto
682,2021-08-28,"[1, 13, 30, 35, 36]",2,62866000000,Baloto
683,2021-08-30,"[6, 7, 21, 22, 41]",12,62952000000,Baloto
684,2021-09-01,"[8, 10, 11, 17, 18]",7,63038000000,Baloto
685,2021-09-04,"[3, 16, 24, 30, 37]",9,63124000000,Baloto
686,2021-09-06,"[18, 27, 28, 36, 37]",6,63210000000,Baloto
687,2021-09-08,"[2, 12, 17, 31, 36]",5,63296000000,Baloto
688,2021-09-11,"[27, 33, 34, 35, 43]",13,63382000000,Baloto
689,2021-09-13,"[7, 11, 20, 26, 34]",4,63468000000,Baloto
690,2021-09-15,"[3, 7, 12, 26, 40]",9,63554000000,Baloto
691,2021-09-18,"[11, 21, 26, 29, 30]",2,63640000000,Baloto
692,2021-09-20,"[3, 5, 8, 25, 40]",3,63726000000,Baloto
693,2021-09-22,"[10, 17, 23, 30, 42]",5,63812000000,Baloto
694,2021-09-25,"[9, 13, 17, 31, 37]",16,63898000000,Baloto
695,2021-09-27,"[3, 23, 31, 35, 36]",5,63984000000,Baloto
696,2021-09-29,"[1, 4, 15, 23, 35]",4,64070000000,Baloto
697,2021-10-02,"[14, 18, 21, 27, 34]",4,64156000000,Baloto
698,2021-10-04,"[2, 12, 18, 20, 41]",2,64242000000,Baloto
699,2021-10-06,"[1, 6, 7, 12, 28]",7,64328000000,Baloto
700,2021-10-09,"[9, 16, 29, 33, 36]",13,64414000000,Baloto
701,2021-10-11,"[3, 6, 12, 13, 37]",2,64500000000,Baloto
702,2021-10-13,"[16, 17, 18, 28, 29]",3,64586000000,Baloto
703,2021-10-16,"[2, 6, 19, 21, 35]",16,64672000000,Baloto
704,2021-10-18,"[12, 24, 31, 36, 38]",13,64758000000,Baloto
705,2021-10-20,"[7, 18, 24, 34, 43]",5,64844000000,Baloto
706,2021-10-23,"[6, 17, 28, 37, 41]",12,64930000000,Baloto
707,2021-10-25,"[3, 11, 15, 17, 25]",2,65016000000,Baloto
708,2021-10-27,"[11, 14, 36, 39, 42]",13,65102000000,Baloto
709,2021-10-30,"[11, 24, 27, 39, 40]",10,65188000000,Baloto
710,2021-11-01,"[10, 18, 22, 25, 32]",11,65274000000,Baloto
711,2021-11-03,"[6, 7, 15, 16, 34]",15,65360000000,Baloto
712,2021-11-06,"[7, 24, 25, 32, 40]",11,65446000000,Baloto
713,2021-11-08,"[9, 14, 30, 31, 38]",3,65532000000,Baloto
714,2021-11-10,"[6, 10, 11, 19, 31]",12,65618000000,Baloto
715,2021-11-13,"[8, 13, 17, 30, 31]",15,65704000000,Baloto
716,2021-11-15,"[7, 11, 13, 20, 21]",10,65790000000,Baloto
717,2021-11-17,"[5, 6, 13, 18, 35]",4,65876000000,Baloto
718,2021-11-20,"[5, 14, 18, 19, 43]",4,65962000000,Baloto
719,2021-11-22,"[1, 2, 10, 16, 42]",16,66048000000,Baloto
720,2021-11-24,"[10, 16, 21, 28, 37]",5,66134000000,Baloto
721,2021-11-27,"[2, 8, 23, 24, 43]",1,66220000000,Baloto
722,2021-11-29,"[8, 13, 14, 23, 26]",14,66306000000,Baloto
723,2021-12-01,"[1, 4, 11, 26, 42]",16,66392000000,Baloto
724,2021-12-04,"[19, 22, 23, 31, 33]",11,66478000000,Baloto
725,2021-12-06,"[1, 6, 23, 31, 35]",8,66564000000,Baloto
726,2021-12-08,"[4, 6, 8, 22, 34]",16,66650000000,Baloto
727,2021-12-11,"[2, 7, 12, 23, 33]",14,66736000000,Baloto
728,2021-12-13,"[6, 31, 32, 33, 38]",3,66822000000,Baloto
729,2021-12-15,"[1, 10, 13, 16, 35]",8,66908000000,Baloto
730,2021-12-18,"[22, 29, 36, 42, 43]",12,66994000000,Baloto
731,2021-12-20,"[4, 27, 30, 38, 40]",7,67080000000,Baloto
732,2021-12-22,"[2, 8, 14, 28, 40]",8,67166000000,Baloto
733,2021-12-25,"[20, 27, 28, 33, 35]",3,67252000000,Baloto
734,2021-12-27,"[8, 12, 20, 26, 42]",10,67338000000,Baloto
735,2021-12-29,"[4, 5, 25, 34, 43]",15,67424000000,Baloto
736,2022-01-01,"[8, 12, 18, 34, 39]",8,67510000000,Baloto
737,2022-01-03,"[2, 4, 6, 12, 19]",16,67596000000,Baloto
738,2022-01-05,"[2, 8, 19, 34, 35]",13,67682000000,Baloto
739,2022-01-08,"[2, 13, 20, 21, 41]",4,67768000000,Baloto
740,2022-01-10,"[7, 9, 16, 17, 24]",9,67854000000,Baloto
741,2022-01-12,"[12, 15, 24, 31, 33]",4,67940000000,Baloto
742,2022-01-15,"[2, 4, 21, 36, 40]",4,68026000000,Baloto
743,2022-01-17,"[5, 15, 20, 30, 39]",1,68112000000,Baloto
744,2022-01-19,"[13, 25, 30, 32, 33]",10,68198000000,Baloto
745,2022-01-22,"[11, 17, 18, 33, 36]",16,68284000000,Baloto
746,2022-01-24,"[20, 23, 30, 42, 43]",10,68370000000,Baloto
747,2022-01-26,"[1, 17, 26, 36, 37]",5,68456000000,Baloto
748,2022-01-29,"[14, 17, 18, 22, 43]",2,68542000000,Baloto
749,2022-01-31,"[6, 16, 19, 23, 33]",8,68628000000,Baloto
750,2022-02-02,"[2, 4, 15, 19, 36]",14,68714000000,Baloto
751,2022-02-05,"[9, 11, 12, 38, 43]",3,68800000000,Baloto
752,2022-02-07,"[3, 14, 22, 35, 38]",4,68800000000,Baloto
753,2022-02-09,"[9, 12, 17, 24, 30]",15,68800000000,Baloto
754,2022-02-12,"[1, 8, 12, 21, 33]",15,68800000000,Baloto
755,2022-02-14,"[2, 10, 15, 23, 30]",8,68800000000,Baloto
756,2022-02-16,"[2, 6, 12, 18, 20]",6,68800000000,Baloto
757,2022-02-19,"[14, 17, 28, 29, 32]",12,68800000000,Baloto
758,2022-02-21,"[4, 5, 12, 39, 40]",2,68800000000,Baloto
759,2022-02-23,"[8, 15, 16, 19, 26]",13,68800000000,Baloto
760,2022-02-26,"[3, 4, 6, 36, 42]",12,68800000000,Baloto
761,2022-02-28,"[1, 14, 22, 23, 26]",16,68800000000,Baloto
762,2022-03-02,"[7, 8, 23, 37, 41]",11,68800000000,Baloto
763,2022-03-05,"[1, 11, 25, 37, 43]",9,68800000000,Baloto
764,2022-03-07,"[2, 4, 7, 14, 22]",6,68800000000,Baloto
765,2022-03-09,"[13, 19, 39, 42, 43]",7,68800000000,Baloto
766,2022-03-12,"[1, 10, 11, 39, 40]",2,68800000000,Baloto
767,2022-03-14,"[1, 7, 8, 9, 18]",12,68800000000,Baloto
768,2022-03-16,"[13, 22, 23, 32, 35]",10,68800000000,Baloto
769,2022-03-19,"[7, 15, 29, 41, 42]",13,68800000000,Baloto
770,2022-03-21,"[22, 27, 36, 39, 40]",3,68800000000,Baloto
771,2022-03-23,"[5, 9, 22, 33, 34]",1,68800000000,Baloto
772,2022-03-26,"[5, 27, 29, 36, 43]",10,68800000000,Baloto
773,2022-03-28,"[8, 10, 16, 26, 29]",6,68800000000,Baloto
774,2022-03-30,"[8, 18, 32, 37, 41]",4,68800000000,Baloto
775,2022-04-02,"[15, 20, 24, 34, 43]",2,68800000000,Baloto
776,2022-04-04,"[6, 11, 12, 24, 34]",8,68800000000,Baloto
777,2022-04-06,"[15, 20, 27, 34, 36]",7,68800000000,Baloto
778,2022-04-09,"[9, 21, 24, 26, 36]",10,68800000000,Baloto
779,2022-04-11,"[9, 10, 18, 35, 40]",16,68800000000,Baloto
780,2022-04-13,"[11, 14, 24, 27, 41]",11,68800000000,Baloto
781,2022-04-16,"[9, 11, 19, 21, 41]",5,68800000000,Baloto
782,2022-04-18,"[2, 11, 12, 17, 40]",12,68800000000,Baloto
783,2022-04-20,"[12, 18, 20, 29, 41]",3,68800000000,Baloto
784,2022-04-23,"[20, 22, 28, 34, 39]",5,68800000000,Baloto
785,2022-04-25,"[2, 4, 8, 11, 14]",3,68800000000,Baloto
786,2022-04-27,"[8, 10, 16, 33, 40]",6,68800000000,Baloto
787,2022-04-30,"[1, 20, 25, 28, 30]",13,68800000000,Baloto
788,2022-05-02,"[12, 28, 30, 35, 38]",10,68800000000,Baloto
789,2022-05-04,"[1, 24, 26, 37, 42]",11,68800000000,Baloto
790,2022-05-07,"[5, 13, 16, 22, 37]",15,68800000000,Baloto
791,2022-05-09,"[19, 22, 24, 30, 37]",8,68800000000,Baloto
792,2022-05-11,"[3, 4, 23, 25, 39]",7,68800000000,Baloto
793,2022-05-14,"[2, 11, 21, 25, 43]",16,68800000000,Baloto
794,2022-05-16,"[17, 25, 36, 38, 43]",2,68800000000,Baloto
795,2022-05-18,"[13, 27, 35, 42, 43]",4,68800000000,Baloto
796,2022-05-21,"[7, 13, 17, 19, 25]",1,68800000000,Baloto
797,2022-05-23,"[4, 12, 14, 27, 42]",13,68800000000,Baloto
798,2022-05-25,"[8, 15, 20, 22, 24]",10,68800000000,Baloto
799,2022-05-28,"[15, 21, 33, 39, 42]",16,68800000000,Baloto
800,2022-05-30,"[7, 16, 30, 35, 43]",9,68800000000,Baloto
801,2022-06-01,"[12, 13, 18, 21, 30]",15,68800000000,Baloto
802,2022-06-04,"[1, 2, 8, 19, 23]",2,68800000000,Baloto
803,2022-06-06,"[13, 35, 36, 37, 40]",14,68800000000,Baloto
804,2022-06-08,"[12, 15, 18, 21, 40]",5,68800000000,Baloto
805,2022-06-11,"[3, 8, 31, 37, 43]",4,68800000000,Baloto
806,2022-06-13,"[1, 7, 12, 17, 43]",10,68800000000,Baloto
807,2022-06-15,"[8, 20, 26, 32, 38]",11,68800000000,Baloto
808,2022-06-18,"[2, 4, 5, 13, 30]",11,68800000000,Baloto
809,2022-06-20,"[10, 13, 15, 26, 40]",8,68800000000,Baloto
810,2022-06-22,"[1, 11, 13, 19, 31]",2,68800000000,Baloto
811,2022-06-25,"[1, 13, 18, 31, 40]",12,68800000000,Baloto
812,2022-06-27,"[5, 24, 27, 38, 42]",5,68800000000,Baloto
813,2022-06-29,"[1, 16, 21, 28, 34]",16,68800000000,Baloto
814,2022-07-02,"[2, 6, 14, 16, 17]",1,68800000000,Baloto
815,2022-07-04,"[8, 24, 33, 35, 43]",14,68800000000,Baloto
816,2022-07-06,"[12, 19, 20, 21, 32]",10,68800000000,Baloto
817,2022-07-09,"[4, 20, 22, 30, 32]",8,68800000000,Baloto
818,2022-07-11,"[12, 19, 25, 30, 43]",2,68800000000,Baloto
819,2022-07-13,"[11, 14, 18, 39, 40]",16,68800000000,Baloto
820,2022-07-16,"[7, 31, 36, 37, 40]",3,68800000000,Baloto
821,2022-07-18,"[3, 5, 18, 20, 21]",5,68800000000,Baloto
822,2022-07-20,"[2, 7, 11, 21, 27]",2,68800000000,Baloto
823,2022-07-23,"[4, 29, 32, 39, 42]",7,68800000000,Baloto
824,2022-07-25,"[1, 4, 5, 11, 23]",3,68800000000,Baloto
825,2022-07-27,"[1, 11, 18, 25, 35]",12,68800000000,Baloto
826,2022-07-30,"[2, 15, 16, 17, 22]",1,68800000000,Baloto
827,2022-08-01,"[3, 4, 8, 22, 43]",2,68800000000,Baloto
828,2022-08-03,"[5, 23, 25, 34, 35]",3,68800000000,Baloto
829,2022-08-06,"[1, 15, 17, 25, 26]",5,68800000000,Baloto
830,2022-08-08,"[4, 18, 22, 36, 37]",7,68800000000,Baloto
831,2022-08-10,"[2, 13, 17, 38, 43]",2,68800000000,Baloto
832,2022-08-13,"[4, 14, 22, 25, 39]",11,68800000000,Baloto
833,2022-08-15,"[11, 14, 19, 28, 41]",9,68800000000,Baloto
834,2022-08-17,"[1, 3, 14, 31, 39]",4,68800000000,Baloto
835,2022-08-20,"[2, 17, 20, 26, 27]",7,68800000000,Baloto
836,2022-08-22,"[3, 7, 14, 26, 30]",3,68800000000,Baloto
837,2022-08-24,"[4, 23, 25, 26, 43]",6,68800000000,Baloto
838,2022-08-27,"[2, 14, 15, 26, 39]",14,68800000000,Baloto
839,2022-08-29,"[21, 22, 35, 37, 39]",4,68800000000,Baloto
840,2022-08-31,"[8, 14, 21, 23, 26]",6,68800000000,Baloto
841,2022-09-03,"[16, 30, 32, 34, 37]",12,68800000000,Baloto
842,2022-09-05,"[7, 8, 14, 34, 38]",2,68800000000,Baloto
843,2022-09-07,"[2, 8, 21, 22, 23]",14,68800000000,Baloto
844,2022-09-10,"[12, 14, 19, 25, 42]",14,68800000000,Baloto
845,2022-09-12,"[5, 25, 30, 33, 35]",2,68800000000,Baloto
846,2022-09-14,"[10, 19, 25, 26, 27]",11,68800000000,Baloto
847,2022-09-17,"[8, 9, 20, 38, 39]",5,68800000000,Baloto
848,2022-09-19,"[2, 13, 15, 30, 37]",7,68800000000,Baloto
849,2022-09-21,"[6, 12, 17, 24, 39]",12,68800000000,Baloto
850,2022-09-24,"[2, 6, 16, 17, 26]",15,68800000000,Baloto
851,2022-09-26,"[20, 27, 30, 37, 38]",7,68800000000,Baloto
852,2022-09-28,"[28, 33, 39, 41, 43]",7,68800000000,Baloto
853,2022-10-01,"[18, 23, 25, 32, 36]",13,68800000000,Baloto
854,2022-10-03,"[1, 16, 21, 31, 42]",8,68800000000,Baloto
855,2022-10-05,"[8, 33, 34, 37, 38]",14,68800000000,Baloto
856,2022-10-08,"[2, 6, 22, 25, 29]",5,68800000000,Baloto
857,2022-10-10,"[11, 13, 19, 28, 41]",3,68800000000,Baloto
858,2022-10-12,"[6, 8, 24, 26, 41]",14,68800000000,Baloto
859,2022-10-15,"[20, 28, 31, 34, 38]",3,68800000000,Baloto
860,2022-10-17,"[13, 17, 19, 20, 31]",15,68800000000,Baloto
861,2022-10-19,"[3, 9, 24, 29, 35]",10,68800000000,Baloto
862,2022-10-22,"[3, 12, 20, 23, 25]",9,68800000000,Baloto
863,2022-10-24,"[2, 17, 32, 40, 42]",8,68800000000,Baloto
864,2022-10-26,"[13, 24, 26, 28, 33]",15,68800000000,Baloto
865,2022-10-29,"[27, 32, 38, 41, 42]",13,68800000000,Baloto
866,2022-10-31,"[4, 9, 16, 24, 25]",1,68800000000,Baloto
867,2022-11-02,"[6, 13, 21, 32, 33]",11,68800000000,Baloto
868,2022-11-05,"[14, 15, 24, 32, 34]",10,68800000000,Baloto
869,2022-11-07,"[3, 17, 22, 28, 40]",11,68800000000,Baloto
870,2022-11-09,"[2, 5, 33, 39, 40]",13,68800000000,Baloto
871,2022-11-12,"[8, 18, 22, 28, 39]",15,68800000000,Baloto
872,2022-11-14,"[21, 28, 34, 37, 39]",15,68800000000,Baloto
873,2022-11-16,"[7, 10, 28, 38, 42]",11,68800000000,Baloto
874,2022-11-19,"[11, 12, 16, 23, 35]",2,68800000000,Baloto
875,2022-11-21,"[3, 13, 15, 38, 43]",7,68800000000,Baloto
876,2022-11-23,"[7, 9, 21, 39, 43]",2,68800000000,Baloto
877,2022-11-26,"[12, 16, 20, 21, 27]",16,68800000000,Baloto
878,2022-11-28,"[3, 17, 23, 30, 31]",5,68800000000,Baloto
879,2022-11-30,"[7, 11, 14, 21, 43]",16,68800000000,Baloto
880,2022-12-03,"[2, 11, 23, 27, 31]",12,68800000000,Baloto
881,2022-12-05,"[14, 19, 23, 31, 39]",3,68800000000,Baloto
882,2022-12-07,"[3, 12, 18, 22, 25]",6,68800000000,Baloto
883,2022-12-10,"[1, 4, 7, 24, 32]",14,68800000000,Baloto
884,2022-12-12,"[11, 15, 22, 25, 36]",7,68800000000,Baloto
885,2022-12-14,"[8, 14, 30, 39, 40]",9,68800000000,Baloto
886,2022-12-17,"[3, 8, 19, 28, 41]",4,68800000000,Baloto
887,2022-12-19,"[20, 23, 28, 37, 41]",9,68800000000,Baloto
888,2022-12-21,"[3, 21, 27, 33, 36]",7,68800000000,Baloto
889,2022-12-24,"[3, 5, 26, 32, 42]",12,68800000000,Baloto
890,2022-12-26,"[10, 21, 28, 32, 39]",1,68800000000,Baloto
891,2022-12-28,"[12, 13, 15, 22, 26]",16,68800000000,Baloto
892,2022-12-31,"[1, 7, 26, 28, 29]",3,68800000000,Baloto
893,2023-01-02,"[1, 10, 17, 33, 36]",16,68800000000,Baloto
894,2023-01-04,"[2, 10, 28, 30, 40]",3,68800000000,Baloto
895,2023-01-07,"[7, 15, 33, 34, 41]",5,68800000000,Baloto
896,2023-01-09,"[4, 6, 15, 27, 42]",16,68800000000,Baloto
897,2023-01-11,"[8, 20, 22, 32, 38]",13,68800000000,Baloto
898,2023-01-14,"[1, 2, 3, 40, 42]",13,68800000000,Baloto
899,2023-01-16,"[4, 5, 33, 39, 42]",13,68800000000,Baloto
900,2023-01-18,"[6, 15, 16, 31, 40]",7,68800000000,Baloto
901,2023-01-21,"[5, 12, 13, 18, 43]",2,68800000000,Baloto
902,2023-01-23,"[2, 19, 20, 25, 34]",15,68800000000,Baloto
903,2023-01-25,"[5, 8, 10, 22, 39]",3,68800000000,Baloto
904,2023-01-28,"[18, 19, 24, 27, 38]",9,68800000000,Baloto
905,2023-01-30,"[16, 21, 29, 31, 37]",3,68800000000,Baloto
906,2023-02-01,"[7, 9, 10, 23, 27]",9,68800000000,Baloto
907,2023-02-04,"[3, 20, 21, 25, 28]",8,68800000000,Baloto
908,2023-02-06,"[3, 14, 26, 32, 42]",6,68800000000,Baloto
909,2023-02-08,"[6, 8, 27, 32, 43]",16,68800000000,Baloto
910,2023-02-11,"[11, 16, 17, 22, 41]",15,68800000000,Baloto
911,2023-02-13,"[3, 19, 20, 31, 35]",10,68800000000,Baloto
912,2023-02-15,"[2, 5, 38, 41, 43]",14,68800000000,Baloto
913,2023-02-18,"[2, 4, 6, 29, 43]",8,68800000000,Baloto
914,2023-02-20,"[14, 26, 27, 40, 43]",2,68800000000,Baloto
915,2023-02-22,"[4, 12, 16, 20, 35]",2,68800000000,Baloto
916,2023-02-25,"[5, 12, 31, 39, 41]",10,68800000000,Baloto
917,2023-02-27,"[4, 11, 16, 17, 25]",14,68800000000,Baloto
918,2023-03-01,"[3, 4, 8, 24, 41]",13,68800000000,Baloto
919,2023-03-04,"[1, 26, 28, 34, 37]",16,68800000000,Baloto
920,2023-03-06,"[4, 7, 10, 14, 32]",5,68800000000,Baloto
921,2023-03-08,"[1, 15, 21, 24, 43]",13,68800000000,Baloto
922,2023-03-11,"[24, 25, 30, 33, 41]",6,68800000000,Baloto
923,2023-03-13,"[5, 11, 23, 30, 42]",4,68800000000,Baloto
924,2023-03-15,"[3, 4, 24, 31, 34]",14,68800000000,Baloto
925,2023-03-18,"[5, 9, 17, 19, 42]",1,68800000000,Baloto
926,2023-03-20,"[16, 17, 32, 33, 43]",16,68800000000,Baloto
927,2023-03-22,"[28, 33, 35, 41, 43]",2,68800000000,Baloto
928,2023-03-25,"[3, 5, 17, 36, 41]",7,68800000000,Baloto
929,2023-03-27,"[14, 15, 20, 35, 39]",10,68800000000,Baloto
930,2023-03-29,"[2, 8, 25, 26, 35]",1,68800000000,Baloto
931,2023-04-01,"[6, 16, 27, 29, 43]",4,68800000000,Baloto
932,2023-04-03,"[21, 24, 32, 35, 40]",10,68800000000,Baloto
933,2023-04-05,"[5, 8, 19, 28, 34]",4,68800000000,Baloto
934,2023-04-08,"[4, 15, 21, 24, 35]",14,68800000000,Baloto
935,2023-04-10,"[3, 13, 16, 19, 30]",6,68800000000,Baloto
936,2023-04-12,"[4, 6, 24, 38, 41]",12,68800000000,Baloto
937,2023-04-15,"[8, 13, 30, 37, 40]",16,68800000000,Baloto
938,2023-04-17,"[1, 11, 13, 25, 31]",2,68800000000,Baloto
939,2023-04-19,"[5, 21, 23, 34, 40]",15,68800000000,Baloto
940,2023-04-22,"[1, 11, 14, 25, 31]",2,68800000000,Baloto
941,2023-04-24,"[5, 15, 24, 32, 33]",1,68800000000,Baloto
942,2023-04-26,"[7, 12, 15, 18, 32]",6,68800000000,Baloto
943,2023-04-29,"[5, 11, 16, 17, 32]",4,68800000000,Baloto
944,2023-05-01,"[15, 31, 34, 39, 41]",16,68800000000,Baloto
945,2023-05-03,"[10, 19, 34, 38, 42]",4,68800000000,Baloto
946,2023-05-06,"[1, 21, 23, 37, 43]",10,68800000000,Baloto
947,2023-05-08,"[10, 18, 22, 23, 36]",2,68800000000,Baloto
948,2023-05-10,"[3, 5, 6, 26, 43]",6,68800000000,Baloto
949,2023-05-13,"[6, 10, 17, 32, 42]",14,68800000000,Baloto
950,2023-05-15,"[26, 29, 34, 38, 40]",13,68800000000,Baloto
951,2023-05-17,"[9, 12, 13, 20, 25]",7,68800000000,Baloto
952,2023-05-20,"[8, 16, 35, 41, 43]",13,68800000000,Baloto
953,2023-05-22,"[14, 15, 16, 22, 31]",9,68800000000,Baloto
954,2023-05-24,"[20, 26, 29, 36, 39]",2,68800000000,Baloto
955,2023-05-27,"[1, 5, 14, 18, 27]",13,68800000000,Baloto
956,2023-05-29,"[13, 20, 26, 30, 42]",2,68800000000,Baloto
957,2023-05-31,"[10, 12, 19, 28, 34]",1,68800000000,Baloto
958,2023-06-03,"[11, 27, 28, 37, 39]",11,68800000000,Baloto
959,2023-06-05,"[2, 9, 13, 25, 39]",13,68800000000,Baloto
960,2023-06-07,"[6, 9, 30, 31, 33]",10,68800000000,Baloto
961,2023-06-10,"[7, 20, 34, 36, 40]",5,68800000000,Baloto
962,2023-06-12,"[1, 8, 15, 29, 35]",6,68800000000,Baloto
963,2023-06-14,"[4, 16, 18, 19, 41]",8,68800000000,Baloto
964,2023-06-17,"[5, 13, 23, 24, 37]",8,68800000000,Baloto
965,2023-06-19,"[10, 16, 24, 29, 39]",3,68800000000,Baloto
966,2023-06-21,"[5, 8, 11, 33, 40]",14,68800000000,Baloto
967,2023-06-24,"[11, 19, 29, 31, 39]",4,68800000000,Baloto
968,2023-06-26,"[2, 12, 27, 35, 43]",6,68800000000,Baloto
969,2023-06-28,"[2, 15, 23, 31, 42]",3,68800000000,Baloto
970,2023-07-01,"[1, 7, 9, 28, 31]",10,68800000000,Baloto
971,2023-07-03,"[1, 15, 22, 26, 37]",7,68800000000,Baloto
972,2023-07-05,"[13, 25, 33, 35, 43]",8,68800000000,Baloto
973,2023-07-08,"[1, 6, 9, 25, 33]",7,68800000000,Baloto
974,2023-07-10,"[8, 12, 15, 35, 37]",13,68800000000,Baloto
975,2023-07-12,"[2, 28, 32, 39, 43]",11,68800000000,Baloto
976,2023-07-15,"[4, 18, 19, 20, 25]",7,68800000000,Baloto
977,2023-07-17,"[30, 32, 33, 36, 41]",6,68800000000,Baloto
978,2023-07-19,"[4, 5, 7, 16, 26]",8,68800000000,Baloto
979,2023-07-22,"[1, 3, 17, 27, 38]",5,68800000000,Baloto
980,2023-07-24,"[4, 5, 13, 18, 43]",14,68800000000,Baloto
981,2023-07-26,"[4, 18, 28, 31, 38]",9,68800000000,Baloto
982,2023-07-29,"[17, 18, 23, 33, 41]",12,68800000000,Baloto
983,2023-07-31,"[1, 4, 11, 17, 18]",2,68800000000,Baloto
984,2023-08-02,"[7, 13, 22, 25, 29]",10,68800000000,Baloto
985,2023-08-05,"[6, 20, 32, 33, 41]",5,68800000000,Baloto
986,2023-08-07,"[5, 16, 18, 24, 28]",1,68800000000,Baloto
987,2023-08-09,"[3, 14, 35, 41, 42]",1,68800000000,Baloto
988,2023-08-12,"[2, 16, 17, 24, 40]",7,68800000000,Baloto
989,2023-08-14,"[18, 27, 31, 38, 40]",11,68800000000,Baloto
990,2023-08-16,"[24, 26, 31, 39, 42]",7,68800000000,Baloto
991,2023-08-19,"[2, 8, 10, 11, 25]",15,68800000000,Baloto
992,2023-08-21,"[5, 12, 13, 14, 19]",4,68800000000,Baloto
993,2023-08-23,"[2, 28, 34, 37, 43]",14,68800000000,Baloto
994,2023-08-26,"[6, 11, 17, 27, 38]",8,68800000000,Baloto
995,2023-08-28,"[10, 14, 26, 33, 43]",16,68800000000,Baloto
996,2023-08-30,"[11, 17, 22, 28, 41]",10,68800000000,Baloto
997,2023-09-02,"[8, 10, 11, 16, 29]",10,68800000000,Baloto
998,2023-09-04,"[12, 19, 22, 34, 43]",5,68800000000,Baloto
999,2023-09-06,"[4, 33, 34, 35, 37]",11,68800000000,Baloto
1000,2023-09-09,"[3, 22, 30, 32, 40]",10,68800000000,Baloto
1001,2023-09-11,"[16, 17, 27, 31, 42]",6,68800000000,Baloto
1002,2023-09-13,"[10, 15, 31, 37, 42]",13,68800000000,Baloto
1003,2023-09-16,"[3, 6, 7, 11, 23]",3,68800000000,Baloto
1004,2023-09-18,"[4, 16, 23, 33, 39]",7,68800000000,Baloto
1005,2023-09-20,"[2, 6, 8, 13, 19]",8,68800000000,Baloto
1006,2023-09-23,"[5, 13, 23, 28, 35]",3,68800000000,Baloto
1007,2023-09-25,"[1, 10, 26, 31, 32]",10,68800000000,Baloto
1008,2023-09-27,"[22, 28, 40, 42, 43]",9,68800000000,Baloto
1009,2023-09-30,"[1, 7, 13, 15, 42]",1,68800000000,Baloto
1010,2023-10-02,"[11, 19, 29, 40, 42]",5,68800000000,Baloto
1011,2023-10-04,"[5, 7, 13, 29, 32]",10,68800000000,Baloto
1012,2023-10-07,"[8, 15, 32, 40, 41]",9,68800000000,Baloto
1013,2023-10-09,"[13, 20, 33, 39, 40]",12,68800000000,Baloto
1014,2023-10-11,"[5, 14, 19, 27, 43]",14,68800000000,Baloto
1015,2023-10-14,"[16, 21, 22, 25, 27]",5,68800000000,Baloto
1016,2023-10-16,"[10, 17, 25, 35, 42]",13,68800000000,Baloto
1017,2023-10-18,"[7, 8, 24, 30, 42]",5,68800000000,Baloto
1018,2023-10-21,"[1, 6, 8, 35, 41]",6,68800000000,Baloto
1019,2023-10-23,"[13, 17, 23, 31, 37]",10,68800000000,Baloto
1020,2023-10-25,"[9, 11, 30, 39, 40]",14,68800000000,Baloto
1021,2023-10-28,"[10, 16, 18, 19, 29]",15,68800000000,Baloto
1022,2023-10-30,"[16, 25, 33, 35, 39]",15,68800000000,Baloto
1023,2023-11-01,"[14, 18, 20, 22, 24]",12,68800000000,Baloto
1024,2023-11-04,"[2, 19, 28, 36, 40]",16,68800000000,Baloto
1025,2023-11-06,"[2, 6, 8, 25, 34]",16,68800000000,Baloto
1026,2023-11-08,"[22, 28, 30, 34, 37]",11,68800000000,Baloto
1027,2023-11-11,"[15, 27, 28, 33, 43]",2,68800000000,Baloto
1028,2023-11-13,"[7, 8, 28, 29, 32]",7,68800000000,Baloto
1029,2023-11-15,"[11, 14, 33, 37, 40]",13,68800000000,Baloto
1030,2023-11-18,"[8, 17, 19, 34, 38]",14,68800000000,Baloto
1031,2023-11-20,"[6, 10, 29, 33, 41]",13,68800000000,Baloto
1032,2023-11-22,"[3, 23, 24, 32, 43]",8,68800000000,Baloto
1033,2023-11-25,"[19, 20, 34, 36, 39]",13,68800000000,Baloto
1034,2023-11-27,"[5, 9, 16, 24, 27]",12,68800000000,Baloto
1035,2023-11-29,"[2, 5, 8, 11, 36]",2,68800000000,Baloto
1036,2023-12-02,"[5, 9, 26, 40, 43]",12,68800000000,Baloto
1037,2023-12-04,"[7, 8, 19, 30, 42]",1,68800000000,Baloto
1038,2023-12-06,"[18, 19, 22, 29, 42]",8,68800000000,Baloto
1039,2023-12-09,"[5, 8, 16, 19, 23]",1,68800000000,Baloto
1040,2023-12-11,"[3, 8, 27, 33, 42]",13,68800000000,Baloto
1041,2023-12-13,"[1, 8, 10, 21, 32]",10,68800000000,Baloto
1042,2023-12-16,"[8, 13, 30, 41, 42]",3,68800000000,Baloto
1043,2023-12-18,"[6, 16, 18, 21, 42]",7,68800000000,Baloto
1044,2023-12-20,"[11, 14, 15, 26, 35]",4,68800000000,Baloto
1045,2023-12-23,"[1, 3, 34, 40, 41]",8,68800000000,Baloto
1046,2023-12-25,"[20, 24, 25, 39, 43]",16,68800000000,Baloto
1047,2023-12-27,"[9, 24, 29, 36, 39]",10,68800000000,Baloto
1048,2023-12-30,"[10, 11, 16, 19, 34]",7,68800000000,Baloto
1049,2024-01-01,"[2, 3, 7, 14, 22]",11,68800000000,Baloto
1050,2024-01-03,"[3, 13, 24, 28, 39]",7,68800000000,Baloto
1051,2024-01-06,"[11, 14, 23, 35, 37]",15,68800000000,Baloto
1052,2024-01-08,"[3, 16, 19, 21, 40]",3,68800000000,Baloto
1053,2024-01-10,"[19, 22, 30, 39, 40]",7,68800000000,Baloto
1054,2024-01-13,"[2, 9, 12, 15, 20]",11,68800000000,Baloto
1055,2024-01-15,"[9, 25, 26, 34, 43]",4,68800000000,Baloto
1056,2024-01-17,"[1, 22, 34, 35, 41]",16,68800000000,Baloto
1057,2024-01-20,"[16, 26, 27, 32, 40]",5,68800000000,Baloto
1058,2024-01-22,"[10, 17, 25, 33, 35]",9,68800000000,Baloto
1059,2024-01-24,"[6, 29, 30, 40, 41]",15,68800000000,Baloto
1060,2024-01-27,"[4, 10, 33, 36, 39]",6,68800000000,Baloto
1061,2024-01-29,"[10, 14, 33, 41, 43]",15,68800000000,Baloto
1062,2024-01-31,"[7, 12, 18, 28, 42]",8,68800000000,Baloto
1063,2024-02-03,"[15, 20, 23, 32, 40]",5,68800000000,Baloto
1064,2024-02-05,"[8, 20, 32, 41, 42]",7,68800000000,Baloto
1065,2024-02-07,"[12, 20, 23, 26, 36]",7,68800000000,Baloto
1066,2024-02-10,"[2, 3, 9, 37, 41]",2,68800000000,Baloto
1067,2024-02-12,"[5, 15, 26, 31, 35]",2,68800000000,Baloto
1068,2024-02-14,"[14, 22, 25, 36, 42]",9,68800000000,Baloto
1069,2024-02-17,"[5, 9, 30, 36, 40]",14,68800000000,Baloto
1070,2024-02-19,"[3, 4, 23, 25, 30]",12,68800000000,Baloto
1071,2024-02-21,"[1, 3, 17, 34, 36]",3,68800000000,Baloto
1072,2024-02-24,"[21, 26, 28, 31, 34]",10,68800000000,Baloto
1073,2024-02-26,"[25, 26, 32, 37, 39]",1,68800000000,Baloto
1074,2024-02-28,"[7, 25, 32, 36, 38]",7,68800000000,Baloto
1075,2024-03-02,"[9, 15, 27, 33, 42]",13,68800000000,Baloto
1076,2024-03-04,"[13, 17, 18, 19, 35]",11,68800000000,Baloto
1077,2024-03-06,"[4, 19, 36, 40, 43]",5,68800000000,Baloto
1078,2024-03-09,"[3, 10, 21, 37, 39]",10,68800000000,Baloto
1079,2024-03-11,"[4, 6, 31, 32, 33]",12,68800000000,Baloto
1080,2024-03-13,"[14, 17, 29, 42, 43]",7,68800000000,Baloto
1081,2024-03-16,"[13, 28, 36, 39, 40]",14,68800000000,Baloto
1082,2024-03-18,"[7, 9, 24, 30, 43]",8,68800000000,Baloto
1083,2024-03-20,"[22, 24, 27, 31, 40]",6,68800000000,Baloto
1084,2024-03-23,"[12, 13, 18, 28, 38]",11,68800000000,Baloto
1085,2024-03-25,"[25, 27, 30, 33, 34]",7,68800000000,Baloto
1086,2024-03-27,"[18, 19, 27, 33, 39]",8,68800000000,Baloto
1087,2024-03-30,"[7, 11, 12, 29, 40]",7,68800000000,Baloto
1088,2024-04-01,"[13, 16, 21, 29, 30]",8,68800000000,Baloto
1089,2024-04-03,"[8, 17, 21, 24, 37]",10,68800000000,Baloto
1090,2024-04-06,"[6, 12, 13, 37, 41]",15,68800000000,Baloto
1091,2024-04-08,"[6, 25, 32, 34, 41]",13,68800000000,Baloto
1092,2024-04-10,"[8, 13, 19, 30, 41]",13,68800000000,Baloto
1093,2024-04-13,"[3, 8, 11, 29, 41]",3,68800000000,Baloto
1094,2024-04-15,"[4, 14, 20, 22, 37]",8,68800000000,Baloto
1095,2024-04-17,"[7, 12, 14, 20, 37]",4,68800000000,Baloto
1096,2024-04-20,"[5, 7, 27, 32, 42]",10,68800000000,Baloto
1097,2024-04-22,"[7, 18, 22, 24, 35]",12,68800000000,Baloto
1098,2024-04-24,"[9, 26, 29, 30, 43]",14,68800000000,Baloto
1099,2024-04-27,"[16, 18, 20, 29, 42]",9,68800000000,Baloto
1100,2024-04-29,"[1, 17, 29, 34, 40]",12,68800000000,Baloto
1101,2024-05-01,"[3, 4, 5, 10, 36]",9,68800000000,Baloto
1102,2024-05-04,"[9, 16, 23, 28, 34]",12,68800000000,Baloto
1103,2024-05-06,"[1, 22, 25, 36, 38]",8,68800000000,Baloto
1104,2024-05-08,"[5, 8, 19, 35, 40]",1,68800000000,Baloto
1105,2024-05-11,"[12, 18, 35, 38, 40]",12,68800000000,Baloto
1106,2024-05-13,"[4, 16, 32, 34, 43]",10,68800000000,Baloto
1107,2024-05-15,"[1, 15, 23, 42, 43]",15,68800000000,Baloto
1108,2024-05-18,"[4, 14, 16, 29, 39]",11,68800000000,Baloto
1109,2024-05-20,"[1, 11, 18, 34, 37]",10,68800000000,Baloto
1110,2024-05-22,"[1, 15, 29, 36, 37]",8,68800000000,Baloto
1111,2024-05-25,"[11, 13, 16, 34, 43]",12,68800000000,Baloto
1112,2024-05-27,"[3, 8, 32, 37, 40]",4,68800000000,Baloto
1113,2024-05-29,"[3, 17, 29, 39, 42]",4,68800000000,Baloto
1114,2024-06-01,"[14, 16, 17, 18, 40]",1,68800000000,Baloto
1115,2024-06-03,"[18, 28, 31, 35, 43]",7,68800000000,Baloto
1116,2024-06-05,"[4, 10, 15, 37, 41]",4,68800000000,Baloto
1117,2024-06-08,"[5, 9, 13, 19, 43]",4,68800000000,Baloto
1118,2024-06-10,"[1, 4, 13, 14, 38]",7,68800000000,Baloto
1119,2024-06-12,"[17, 30, 32, 37, 38]",8,68800000000,Baloto
1120,2024-06-15,"[2, 9, 32, 41, 43]",3,68800000000,Baloto
1121,2024-06-17,"[3, 14, 15, 19, 33]",8,68800000000,Baloto
1122,2024-06-19,"[1, 6, 18, 32, 36]",9,68800000000,Baloto
1123,2024-06-22,"[16, 28, 37, 41, 42]",10,68800000000,Baloto
1124,2024-06-24,"[1, 13, 29, 30, 43]",3,68800000000,Baloto
1125,2024-06-26,"[1, 6, 15, 24, 36]",5,68800000000,Baloto
1126,2024-06-29,"[17, 28, 31, 35, 40]",14,68800000000,Baloto
1127,2024-07-01,"[12, 13, 15, 38, 42]",16,68800000000,Baloto
1128,2024-07-03,"[5, 7, 10, 16, 38]",1,68800000000,Baloto
1129,2024-07-06,"[9, 11, 13, 39, 41]",15,68800000000,Baloto
1130,2024-07-08,"[8, 20, 23, 24, 26]",9,68800000000,Baloto
1131,2024-07-10,"[13, 14, 24, 37, 39]",16,68800000000,Baloto
1132,2024-07-13,"[2, 3, 32, 35, 37]",12,68800000000,Baloto
1133,2024-07-15,"[5, 13, 16, 23, 32]",9,68800000000,Baloto
1134,2024-07-17,"[20, 21, 24, 32, 35]",12,68800000000,Baloto
1135,2024-07-20,"[9, 11, 17, 18, 35]",2,68800000000,Baloto
1136,2024-07-22,"[1, 5, 6, 26, 32]",8,68800000000,Baloto
1137,2024-07-24,"[3, 6, 9, 17, 29]",5,68800000000,Baloto
1138,2024-07-27,"[5, 14, 17, 25, 28]",14,68800000000,Baloto
1139,2024-07-29,"[12, 13, 21, 33, 39]",4,68800000000,Baloto
1140,2024-07-31,"[5, 24, 26, 39, 42]",8,68800000000,Baloto
1141,2024-08-03,"[6, 22, 25, 26, 39]",8,68800000000,Baloto
1142,2024-08-05,"[2, 3, 9, 39, 41]",10,68800000000,Baloto
1143,2024-08-07,"[2, 27, 33, 34, 38]",2,68800000000,Baloto
1144,2024-08-10,"[3, 16, 22, 26, 39]",1,68800000000,Baloto
1145,2024-08-12,"[8, 10, 18, 35, 37]",15,68800000000,Baloto
1146,2024-08-14,"[1, 6, 7, 23, 25]",11,68800000000,Baloto
1147,2024-08-17,"[9, 10, 27, 30, 42]",15,68800000000,Baloto
1148,2024-08-19,"[2, 16, 29, 38, 41]",4,68800000000,Baloto
1149,2024-08-21,"[4, 14, 29, 31, 39]",3,68800000000,Baloto
1150,2024-08-24,"[8, 21, 28, 38, 41]",15,68800000000,Baloto
1151,2024-08-26,"[9, 11, 13, 34, 38]",7,68800000000,Baloto
1152,2024-08-28,"[1, 2, 20, 22, 28]",2,68800000000,Baloto
1153,2024-08-31,"[21, 25, 27, 33, 40]",11,68800000000,Baloto
1154,2024-09-02,"[14, 15, 34, 37, 40]",3,68800000000,Baloto
1155,2024-09-04,"[9, 18, 27, 36, 37]",3,68800000000,Baloto
1156,2024-09-07,"[1, 15, 17, 37, 42]",1,68800000000,Baloto
1157,2024-09-09,"[8, 15, 33, 37, 43]",16,68800000000,Baloto
1158,2024-09-11,"[2, 17, 27, 30, 35]",10,68800000000,Baloto
1159,2024-09-14,"[4, 9, 26, 35, 43]",14,68800000000,Baloto
1160,2024-09-16,"[5, 16, 18, 26, 33]",13,68800000000,Baloto
1161,2024-09-18,"[1, 11, 16, 18, 41]",1,68800000000,Baloto
1162,2024-09-21,"[3, 20, 24, 37, 43]",11,68800000000,Baloto
1163,2024-09-23,"[8, 16, 30, 33, 41]",1,68800000000,Baloto
1164,2024-09-25,"[3, 10, 13, 18, 27]",11,68800000000,Baloto
1165,2024-09-28,"[11, 19, 23, 35, 36]",13,68800000000,Baloto
1166,2024-09-30,"[1, 5, 22, 29, 35]",11,68800000000,Baloto
1167,2024-10-02,"[8, 14, 26, 34, 37]",8,68800000000,Baloto
1168,2024-10-05,"[5, 17, 19, 20, 24]",6,68800000000,Baloto
1169,2024-10-07,"[1, 10, 18, 19, 39]",8,68800000000,Baloto
1170,2024-10-09,"[9, 16, 30, 34, 43]",11,68800000000,Baloto
1171,2024-10-12,"[1, 4, 20, 38, 43]",15,68800000000,Baloto
1172,2024-10-14,"[4, 7, 12, 24, 25]",5,68800000000,Baloto
1173,2024-10-16,"[2, 9, 16, 21, 41]",14,68800000000,Baloto
1174,2024-10-19,"[9, 14, 22, 24, 33]",16,68800000000,Baloto
1175,2024-10-21,"[19, 25, 32, 36, 37]",8,68800000000,Baloto
1176,2024-10-23,"[5, 6, 19, 22, 33]",16,68800000000,Baloto
1177,2024-10-26,"[4, 15, 18, 27, 35]",5,68800000000,Baloto
1178,2024-10-28,"[9, 11, 26, 32, 43]",9,68800000000,Baloto
1179,2024-10-30,"[7, 10, 18, 24, 29]",12,68800000000,Baloto
1180,2024-11-02,"[19, 25, 28, 30, 31]",15,68800000000,Baloto
1181,2024-11-04,"[2, 13, 29, 30, 43]",7,68800000000,Baloto
1182,2024-11-06,"[4, 6, 17, 31, 36]",4,68800000000,Baloto
1183,2024-11-09,"[4, 6, 11, 24, 38]",3,68800000000,Baloto
1184,2024-11-11,"[7, 11, 13, 28, 29]",16,68800000000,Baloto
1185,2024-11-13,"[6, 13, 27, 30, 40]",16,68800000000,Baloto
1186,2024-11-16,"[2, 8, 17, 23, 36]",16,68800000000,Baloto
1187,2024-11-18,"[2, 3, 7, 15, 22]",4,68800000000,Baloto
1188,2024-11-20,"[7, 17, 29, 31, 34]",11,68800000000,Baloto
1189,2024-11-23,"[1, 9, 13, 17, 39]",15,68800000000,Baloto
1190,2024-11-25,"[6, 10, 14, 28, 34]",10,68800000000,Baloto
1191,2024-11-27,"[9, 12, 13, 17, 24]",7,68800000000,Baloto
1192,2024-11-30,"[3, 23, 29, 34, 42]",8,68800000000,Baloto
1193,2024-12-02,"[8, 12, 29, 35, 41]",8,68800000000,Baloto
1194,2024-12-04,"[2, 11, 18, 22, 42]",14,68800000000,Baloto
1195,2024-12-07,"[9, 17, 18, 32, 43]",15,68800000000,Baloto
1196,2024-12-09,"[10, 27, 38, 39, 42]",11,68800000000,Baloto
1197,2024-12-11,"[5, 34, 35, 40, 41]",1,68800000000,Baloto
1198,2024-12-14,"[6, 11, 15, 16, 41]",12,68800000000,Baloto
1199,2024-12-16,"[6, 26, 28, 36, 42]",3,68800000000,Baloto
1200,2024-12-18,"[1, 28, 29, 41, 43]",7,68800000000,Baloto
1201,2024-12-21,"[9, 11, 23, 28, 41]",7,68800000000,Baloto
1202,2024-12-23,"[5, 6, 18, 24, 31]",6,68800000000,Baloto
1203,2024-12-25,"[9, 13, 16, 24, 26]",12,68800000000,Baloto
1204,2024-12-28,"[1, 24, 28, 37, 41]",10,68800000000,Baloto
1205,2024-12-30,"[2, 12, 18, 33, 36]",12,68800000000,Baloto
1206,2025-01-01,"[14, 21, 26, 32, 40]",7,68800000000,Baloto
1207,2025-01-04,"[10, 20, 23, 27, 38]",11,68800000000,Baloto
1208,2025-01-06,"[2, 10, 17, 32, 38]",16,68800000000,Baloto
1209,2025-01-08,"[2, 7, 19, 36, 43]",15,68800000000,Baloto
1210,2025-01-11,"[2, 14, 30, 31, 36]",2,68800000000,Baloto
1211,2025-01-13,"[7, 15, 21, 28, 42]",1,68800000000,Baloto
1212,2025-01-15,"[20, 29, 33, 37, 42]",16,68800000000,Baloto
1213,2025-01-18,"[15, 25, 28, 37, 42]",13,68800000000,Baloto
1214,2025-01-20,"[16, 25, 31, 32, 41]",11,68800000000,Baloto
1215,2025-01-22,"[2, 3, 17, 25, 32]",12,68800000000,Baloto
1216,2025-01-25,"[12, 13, 15, 19, 42]",16,68800000000,Baloto
1217,2025-01-27,"[3, 15, 30, 40, 43]",1,68800000000,Baloto
1218,2025-01-29,"[6, 9, 21, 25, 29]",5,68800000000,Baloto
1219,2025-02-01,"[14, 16, 21, 30, 36]",12,68800000000,Baloto
1220,2025-02-03,"[7, 15, 24, 36, 41]",10,68800000000,Baloto
1221,2025-02-05,"[12, 20, 26, 38, 42]",10,68800000000,Baloto
1222,2025-02-08,"[6, 20, 27, 33, 42]",1,68800000000,Baloto
1223,2025-02-10,"[2, 5, 9, 17, 40]",12,68800000000,Baloto
1224,2025-02-12,"[1, 13, 31, 37, 42]",2,68800000000,Baloto
1225,2025-02-15,"[1, 10, 19, 34, 37]",7,68800000000,Baloto
1226,2025-02-17,"[6, 11, 14, 39, 41]",14,68800000000,Baloto
1227,2025-02-19,"[7, 20, 23, 30, 43]",12,68800000000,Baloto
1228,2025-02-22,"[13, 17, 23, 28, 36]",5,68800000000,Baloto
1229,2025-02-24,"[9, 11, 22, 29, 42]",13,68800000000,Baloto
1230,2025-02-26,"[3, 4, 25, 34, 41]",15,68800000000,Baloto
1231,2025-03-01,"[7, 9, 11, 20, 26]",1,68800000000,Baloto
1232,2025-03-03,"[2, 12, 13, 27, 32]",16,68800000000,Baloto
1233,2025-03-05,"[3, 5, 25, 27, 40]",1,68800000000,Baloto
1234,2025-03-08,"[3, 11, 34, 40, 42]",11,68800000000,Baloto
1235,2025-03-10,"[6, 25, 29, 31, 42]",10,68800000000,Baloto
1236,2025-03-12,"[1, 6, 9, 16, 40]",6,68800000000,Baloto
1237,2025-03-15,"[14, 20, 24, 28, 39]",11,68800000000,Baloto
1238,2025-03-17,"[14, 20, 25, 37, 40]",10,68800000000,Baloto
1239,2025-03-19,"[15, 16, 34, 38, 43]",7,68800000000,Baloto
1240,2025-03-22,"[6, 17, 18, 28, 30]",1,68800000000,Baloto
1241,2025-03-24,"[5, 9, 13, 36, 43]",12,68800000000,Baloto
1242,2025-03-26,"[24, 27, 34, 39, 41]",3,68800000000,Baloto
1243,2025-03-29,"[5, 9, 23, 34, 43]",7,68800000000,Baloto
1244,2025-03-31,"[6, 15, 20, 36, 41]",12,68800000000,Baloto
1245,2025-04-02,"[28, 30, 36, 37, 41]",3,68800000000,Baloto
1246,2025-04-05,"[3, 9, 10, 11, 22]",14,68800000000,Baloto
1247,2025-04-07,"[6, 20, 32, 39, 43]",10,68800000000,Baloto
1248,2025-04-09,"[1, 7, 22, 35, 38]",3,68800000000,Baloto
1249,2025-04-12,"[10, 24, 25, 33, 35]",1,68800000000,Baloto
1250,2025-04-14,"[12, 16, 25, 28, 32]",11,68800000000,Baloto
1251,2025-04-16,"[1, 3, 6, 30, 41]",16,68800000000,Baloto
1252,2025-04-19,"[10, 23, 30, 32, 35]",9,68800000000,Baloto
1253,2025-04-21,"[4, 19, 20, 22, 37]",11,68800000000,Baloto
1254,2025-04-23,"[1, 13, 19, 25, 35]",9,68800000000,Baloto
1255,2025-04-26,"[1, 10, 15, 24, 37]",11,68800000000,Baloto
1256,2025-04-28,"[4, 7, 13, 27, 40]",7,68800000000,Baloto
1257,2025-04-30,"[1, 13, 17, 34, 35]",10,68800000000,Baloto
1258,2025-05-03,"[5, 6, 16, 17, 42]",6,68800000000,Baloto
1259,2025-05-05,"[7, 11, 12, 19, 31]",3,68800000000,Baloto
1260,2025-05-07,"[9, 21, 28, 32, 34]",7,68800000000,Baloto
1261,2025-05-10,"[7, 14, 27, 37, 40]",1,68800000000,Baloto
1262,2025-05-12,"[6, 18, 27, 28, 38]",13,68800000000,Baloto
1263,2025-05-14,"[6, 9, 17, 23, 38]",10,68800000000,Baloto
1264,2025-05-17,"[4, 7, 12, 16, 23]",14,68800000000,Baloto
1265,2025-05-19,"[3, 4, 18, 27, 37]",5,68800000000,Baloto
1266,2025-05-21,"[15, 23, 28, 35, 37]",6,68800000000,Baloto
1267,2025-05-24,"[15, 33, 36, 37, 41]",9,68800000000,Baloto
1268,2025-05-26,"[9, 19, 21, 22, 33]",7,68800000000,Baloto
1269,2025-05-28,"[1, 5, 17, 34, 42]",2,68800000000,Baloto
1270,2025-05-31,"[12, 16, 19, 23, 39]",13,68800000000,Baloto
1271,2025-06-02,"[14, 18, 32, 35, 42]",9,68800000000,Baloto
1272,2025-06-04,"[3, 10, 37, 38, 42]",10,68800000000,Baloto
1273,2025-06-07,"[25, 29, 37, 41, 43]",1,68800000000,Baloto
1274,2025-06-09,"[22, 23, 30, 35, 37]",4,68800000000,Baloto
1275,2025-06-11,"[2, 6, 34, 38, 40]",8,68800000000,Baloto
1276,2025-06-14,"[2, 11, 12, 18, 22]",15,68800000000,Baloto
1277,2025-06-16,"[10, 14, 23, 33, 41]",8,68800000000,Baloto
1278,2025-06-18,"[15, 22, 28, 33, 38]",12,68800000000,Baloto
1279,2025-06-21,"[2, 11, 16, 33, 40]",12,68800000000,Baloto
1280,2025-06-23,"[6, 7, 8, 27, 37]",5,68800000000,Baloto
1281,2025-06-25,"[2, 4, 13, 32, 37]",13,68800000000,Baloto
1282,2025-06-28,"[2, 8, 21, 23, 30]",9,68800000000,Baloto
1283,2025-06-30,"[5, 28, 30, 31, 42]",1,68800000000,Baloto
1284,2025-07-02,"[3, 5, 9, 13, 36]",2,68800000000,Baloto
1285,2025-07-05,"[12, 18, 26, 35, 39]",5,68800000000,Baloto
1286,2025-07-07,"[12, 18, 20, 27, 30]",6,68800000000,Baloto
1287,2025-07-09,"[1, 17, 25, 27, 28]",6,68800000000,Baloto
1288,2025-07-12,"[3, 8, 25, 31, 42]",13,68800000000,Baloto
1289,2025-07-14,"[13, 18, 28, 35, 40]",13,68800000000,Baloto
1290,2025-07-16,"[9, 17, 26, 30, 31]",11,68800000000,Baloto
1291,2025-07-19,"[5, 17, 18, 24, 43]",15,68800000000,Baloto
1292,2025-07-21,"[11, 12, 36, 39, 40]",14,68800000000,Baloto
1293,2025-07-23,"[4, 12, 16, 27, 41]",8,68800000000,Baloto
1294,2025-07-26,"[6, 16, 18, 23, 41]",10,68800000000,Baloto
1295,2025-07-28,"[2, 16, 19, 35, 39]",8,68800000000,Baloto
1296,2025-07-30,"[2, 3, 26, 32, 34]",13,68800000000,Baloto
1297,2025-08-02,"[8, 13, 16, 32, 39]",5,68800000000,Baloto
1298,2025-08-04,"[3, 10, 12, 26, 30]",3,68800000000,Baloto
1299,2025-08-06,"[2, 8, 34, 37, 42]",16,68800000000,Baloto
1300,2025-08-09,"[2, 15, 16, 28, 34]",11,68800000000,Baloto
1301,2025-08-11,"[12, 19, 20, 39, 43]",10,68800000000,Baloto
1302,2025-08-13,"[5, 8, 27, 28, 30]",14,68800000000,Baloto
1303,2025-08-16,"[7, 12, 21, 23, 39]",5,68800000000,Baloto
1304,2025-08-18,"[9, 26, 31, 33, 36]",8,68800000000,Baloto
1305,2025-08-20,"[1, 7, 32, 33, 35]",16,68800000000,Baloto
1306,2025-08-23,"[10, 15, 27, 32, 39]",5,68800000000,Baloto
1307,2025-08-25,"[9, 10, 27, 28, 35]",15,68800000000,Baloto
1308,2025-08-27,"[7, 17, 18, 25, 34]",16,68800000000,Baloto
1309,2025-08-30,"[2, 3, 25, 29, 39]",10,68800000000,Baloto
1310,2025-09-01,"[13, 20, 25, 30, 35]",16,68800000000,Baloto
1311,2025-09-03,"[3, 5, 30, 37, 41]",3,68800000000,Baloto
1312,2025-09-06,"[3, 8, 25, 31, 40]",6,68800000000,Baloto
1313,2025-09-08,"[2, 3, 4, 19, 43]",13,68800000000,Baloto
1314,2025-09-10,"[5, 10, 15, 26, 27]",12,68800000000,Baloto
1315,2025-09-13,"[14, 23, 25, 38, 39]",14,68800000000,Baloto
1316,2025-09-15,"[16, 21, 28, 38, 42]",5,68800000000,Baloto
1317,2025-09-17,"[5, 12, 14, 16, 21]",16,68800000000,Baloto
1318,2025-09-20,"[20, 28, 35, 39, 43]",7,68800000000,Baloto
1319,2025-09-22,"[12, 15, 26, 28, 38]",6,68800000000,Baloto
1320,2025-09-24,"[4, 14, 28, 38, 40]",1,68800000000,Baloto
1321,2025-09-27,"[22, 32, 34, 42, 43]",12,68800000000,Baloto
1322,2025-09-29,"[16, 24, 25, 36, 41]",15,68800000000,Baloto
1323,2025-10-01,"[16, 17, 20, 21, 33]",7,68800000000,Baloto
1324,2025-10-04,"[7, 16, 25, 30, 37]",15,68800000000,Baloto
1325,2025-10-06,"[4, 6, 15, 21, 24]",12,68800000000,Baloto
1326,2025-10-08,"[11, 29, 31, 40, 42]",12,68800000000,Baloto
1327,2025-10-11,"[4, 6, 7, 16, 37]",8,68800000000,Baloto
1328,2025-10-13,"[2, 6, 15, 25, 28]",2,68800000000,Baloto
1329,2025-10-15,"[1, 2, 9, 36, 39]",12,68800000000,Baloto
1330,2025-10-18,"[28, 29, 31, 35, 38]",5,68800000000,Baloto
1331,2025-10-20,"[2, 12, 13, 20, 22]",6,68800000000,Baloto
1332,2025-10-22,"[16, 18, 19, 27, 43]",16,68800000000,Baloto
1333,2025-10-25,"[9, 13, 16, 26, 38]",9,68800000000,Baloto
1334,2025-10-27,"[5, 21, 29, 39, 40]",5,68800000000,Baloto
1335,2025-10-29,"[8, 17, 31, 32, 43]",7,68800000000,Baloto
1336,2025-11-01,"[4, 15, 22, 33, 37]",15,68800000000,Baloto
1337,2025-11-03,"[12, 14, 15, 36, 40]",9,68800000000,Baloto
1338,2025-11-05,"[13, 19, 27, 36, 42]",3,68800000000,Baloto
1339,2025-11-08,"[4, 17, 21, 27, 34]",6,68800000000,Baloto
1340,2025-11-10,"[5, 21, 24, 41, 43]",6,68800000000,Baloto
1341,2025-11-12,"[1, 9, 14, 28, 37]",10,68800000000,Baloto
1342,2025-11-15,"[1, 12, 15, 22, 31]",10,68800000000,Baloto
1343,2025-11-17,"[8, 30, 31, 35, 41]",3,68800000000,Baloto
1344,2025-11-19,"[5, 7, 12, 15, 41]",7,68800000000,Baloto
1345,2025-11-22,"[7, 13, 20, 32, 38]",4,68800000000,Baloto
1346,2025-11-24,"[10, 12, 15, 25, 33]",9,68800000000,Baloto
1347,2025-11-26,"[12, 21, 25, 28, 39]",5,68800000000,Baloto
1348,2025-11-29,"[17, 27, 38, 39, 42]",14,68800000000,Baloto
1349,2025-12-01,"[1, 5, 11, 13, 20]",13,68800000000,Baloto
1350,2025-12-03,"[2, 12, 13, 40, 42]",7,68800000000,Baloto
1351,2025-12-06,"[14, 16, 20, 29, 41]",14,68800000000,Baloto
1352,2025-12-08,"[1, 11, 12, 17, 40]",9,68800000000,Baloto
1353,2025-12-10,"[4, 6, 7, 17, 20]",4,68800000000,Baloto
1354,2025-12-13,"[12, 20, 25, 27, 39]",1,68800000000,Baloto
1355,2025-12-15,"[4, 8, 18, 23, 34]",2,68800000000,Baloto
1356,2025-12-17,"[9, 14, 15, 36, 39]",10,68800000000,Baloto
1357,2025-12-20,"[6, 8, 11, 13, 21]",3,68800000000,Baloto
1358,2025-12-22,"[2, 10, 17, 30, 36]",7,68800000000,Baloto
1359,2025-12-24,"[11, 13, 14, 23, 26]",3,68800000000,Baloto
1360,2025-12-27,"[1, 16, 27, 34, 39]",15,68800000000,Baloto
1361,2025-12-29,"[6, 8, 13, 17, 43]",4,68800000000,Baloto
1362,2025-12-31,"[3, 14, 16, 23, 35]",16,68800000000,Baloto
1363,2026-01-03,"[17, 19, 20, 26, 42]",11,68800000000,Baloto
1364,2026-01-05,"[3, 9, 11, 27, 37]",7,68800000000,Baloto
1365,2026-01-07,"[11, 12, 13, 23, 25]",7,68800000000,Baloto
1366,2026-01-10,"[3, 5, 10, 31, 37]",16,68800000000,Baloto
1367,2026-01-12,"[6, 13, 14, 21, 22]",10,68800000000,Baloto
1368,2026-01-14,"[6, 18, 25, 28, 38]",14,68800000000,Baloto
1369,2026-01-17,"[11, 16, 21, 30, 33]",11,68800000000,Baloto
1370,2026-01-19,"[22, 36, 39, 41, 43]",3,68800000000,Baloto
1371,2026-01-21,"[20, 21, 31, 38, 40]",5,68800000000,Baloto
1372,2026-01-24,"[10, 20, 21, 27, 40]",1,68800000000,Baloto
1373,2026-01-26,"[4, 5, 10, 12, 16]",7,68800000000,Baloto
1374,2026-01-28,"[3, 7, 22, 26, 29]",13,68800000000,Baloto
1375,2026-01-31,"[2, 3, 22, 35, 39]",8,68800000000,Baloto
1376,2026-02-02,"[8, 11, 28, 31, 36]",8,68800000000,Baloto
1377,2026-02-04,"[3, 20, 25, 37, 38]",11,68800000000,Baloto
1378,2026-02-07,"[3, 7, 27, 28, 31]",3,68800000000,Baloto
1379,2026-02-09,"[5, 6, 19, 26, 38]",12,68800000000,Baloto
1380,2026-02-11,"[2, 16, 29, 30, 34]",4,68800000000,Baloto
1381,2026-02-14,"[6, 15, 19, 28, 33]",2,68800000000,Baloto
1382,2026-02-16,"[2, 19, 20, 27, 42]",13,68800000000,Baloto
1383,2026-02-18,"[9, 20, 24, 33, 42]",5,68800000000,Baloto
1384,2026-02-21,"[2, 3, 4, 10, 14]",7,68800000000,Baloto
1385,2026-02-23,"[2, 10, 12, 14, 18]",9,68800000000,Baloto
1386,2026-02-25,"[14, 20, 31, 37, 41]",3,68800000000,Baloto
1387,2026-02-28,"[12, 17, 25, 27, 37]",9,68800000000,Baloto
1388,2026-03-02,"[2, 8, 22, 26, 36]",2,68800000000,Baloto
1389,2026-03-04,"[8, 12, 31, 34, 41]",7,68800000000,Baloto
1390,2026-03-07,"[1, 10, 16, 22, 34]",10,68800000000,Baloto
1391,2026-03-09,"[13, 25, 26, 31, 36]",8,68800000000,Baloto
1392,2026-03-11,"[24, 33, 34, 38, 42]",1,68800000000,Baloto
1393,2026-03-14,"[3, 5, 11, 17, 34]",8,68800000000,Baloto
1394,2026-03-16,"[19, 33, 35, 37, 40]",8,68800000000,Baloto
1395,2026-03-18,"[14, 18, 24, 27, 41]",12,68800000000,Baloto
1396,2026-03-21,"[5, 22, 29, 38, 43]",12,68800000000,Baloto
1397,2026-03-23,"[1, 11, 14, 17, 40]",5,68800000000,Baloto
1398,2026-03-25,"[13, 16, 26, 38, 43]",16,68800000000,Baloto
1399,2026-03-28,"[11, 20, 32, 38, 39]",6,68800000000,Baloto
1400,2026-03-30,"[1, 19, 21, 31, 43]",12,68800000000,Baloto
1401,2026-04-01,"[18, 22, 23, 24, 33]",3,68800000000,Baloto
1402,2026-04-04,"[8, 18, 24, 31, 40]",12,68800000000,Baloto
1403,2026-04-06,"[7, 15, 30, 32, 36]",9,68800000000,Baloto
1404,2026-04-08,"[12, 24, 32, 34, 41]",10,68800000000,Baloto
1405,2026-04-11,"[2, 24, 25, 29, 31]",12,68800000000,Baloto
1406,2026-04-13,"[3, 5, 21, 38, 42]",9,68800000000,Baloto
1407,2026-04-15,"[7, 10, 15, 26, 43]",2,68800000000,Baloto
1408,2026-04-18,"[7, 10, 15, 36, 42]",15,68800000000,Baloto
1409,2026-04-20,"[4, 12, 13, 23, 36]",1,68800000000,Baloto
1410,2026-04-22,"[32, 35, 36, 41, 42]",11,68800000000,Baloto
1411,2026-04-25,"[1, 15, 27, 33, 43]",15,68800000000,Baloto
1412,2026-04-27,"[5, 20, 23, 27, 30]",10,68800000000,Baloto
1413,2026-04-29,"[12, 20, 29, 31, 34]",10,68800000000,Baloto
1414,2026-05-02,"[8, 12, 16, 19, 24]",6,68800000000,Baloto
1415,2026-05-04,"[4, 13, 31, 35, 39]",1,68800000000,Baloto
1416,2026-05-06,"[3, 5, 29, 31, 41]",8,68800000000,Baloto
1417,2026-05-09,"[9, 14, 20, 26, 35]",6,68800000000,Baloto
1418,2026-05-11,"[9, 14, 20, 30, 35]",9,68800000000,Baloto
1419,2026-05-13,"[18, 24, 27, 35, 38]",8,68800000000,Baloto
1420,2026-05-16,"[8, 19, 36, 40, 42]",4,68800000000,Baloto
1421,2026-05-18,"[4, 5, 32, 35, 40]",16,68800000000,Baloto
1422,2026-05-20,"[3, 8, 16, 24, 32]",9,68800000000,Baloto
1423,2026-05-23,"[3, 24, 26, 30, 35]",3,68800000000,Baloto
1424,2026-05-25,"[4, 7, 10, 19, 20]",6,68800000000,Baloto
1425,2026-05-27,"[9, 14, 30, 37, 42]",11,68800000000,Baloto
1426,2026-05-30,"[14, 21, 25, 29, 31]",9,68800000000,Baloto
1427,2026-06-01,"[7, 15, 24, 30, 36]",16,68800000000,Baloto
1428,2026-06-03,"[8, 15, 18, 24, 43]",2,68800000000,Baloto
1429,2026-06-06,"[12, 30, 38, 41, 42]",15,68800000000,Baloto
1430,2026-06-08,"[8, 12, 13, 15, 17]",13,68800000000,Baloto
1431,2026-06-10,"[1, 9, 17, 36, 38]",1,68800000000,Baloto
1432,2026-06-13,"[1, 10, 21, 25, 30]",15,68800000000,Baloto
1433,2026-06-15,"[12, 13, 22, 34, 37]",1,68800000000,Baloto
1434,2026-06-17,"[7, 9, 16, 32, 40]",2,68800000000,Baloto
1435,2026-06-20,"[2, 13, 22, 31, 38]",10,68800000000,Baloto
1436,2026-06-22,"[7, 15, 21, 31, 35]",7,68800000000,Baloto
1437,2026-06-24,"[10, 13, 17, 35, 41]",5,68800000000,Baloto
1438,2026-06-27,"[12, 13, 15, 21, 30]",15,68800000000,Baloto
1439,2026-06-29,"[17, 30, 31, 34, 40]",5,68800000000,Baloto
1440,2026-07-01,"[3, 12, 13, 17, 37]",14,45600000000,Baloto
1441,2026-07-04,"[9, 14, 40, 42, 43]",9,46000000000,Baloto
1442,2026-07-06,"[2, 12, 16, 27, 28]",12,46400000000,Baloto
1443,2026-07-08,"[11, 15, 20, 24, 30]",2,46800000000,Baloto
1444,2026-07-11,"[3, 22, 28, 32, 34]",14,47200000000,Baloto
1445,2026-07-13,"[8, 11, 21, 32, 38]",8,47600000000,Baloto
1446,2026-07-15,"[2, 4, 8, 12, 24]",4,48000000000,Baloto
1447,2026-07-18,"[8, 17, 19, 24, 26]",9,48400000000,Baloto
1448,2026-07-20,"[3, 22, 23, 25, 37]",1,48800000000,Baloto
1449,2026-07-22,"[3, 6, 19, 30, 33]",9,49200000000,Baloto
1450,2026-07-25,"[6, 8, 21, 35, 42]",9,49600000000,Baloto
1451,2026-07-27,"[10, 11, 20, 36, 41]",14,50000000000,Baloto
1452,2026-07-29,"[24, 25, 38, 40, 43]",7,50000000000,Baloto
1453,2026-08-01,"[1, 7, 8, 14, 24]",5,50800000000,Baloto
1454,2026-08-03,"[32, 33, 35, 37, 42]",7,60200000000,Baloto
1455,2026-08-05,"[8, 11, 22, 30, 31]",2,51600000000,Baloto
